appid,evidence_type,date_classification,url,title,snippet,contents_preview,matched_keywords,evidence_score,confidence_label,reason_for_score,query_group
4210580,steam_news,inside_extended_window,https://steamstore-a.akamaihd.net/news/externalpost/steam_community_announcements/1836506165583080,"50,000 Wishlists & Launch is Just One Week Away!",,"Hi Miners! ⛏️Ore Factory Squad launches in just one week, on July 16!And we’re incredibly excited to share that the game has now reached 50,000 wishlists on Steam! Thank you so much to everyone who has supported us along the way. 💙To celebrate the final countdown, here’s our brand-new trailer, featu",trailer,55,medium,Inside extended window (+15); Official Steam News (+20); Keywords ['trailer'] (+20),
4210580,steam_news,inside_extended_window,https://steamstore-a.akamaihd.net/news/externalpost/steam_community_announcements/1835236783564921,Next Fest Update | Demo Patch Notes - v1.6.1,,"Hi Miners! ⛏️We’re excited to announce that Ore Factory Squad is launching on July 16! With different maps to dig through, many new machines, resources, and products to produce including some of the most requested ores like Copper, Iron, Gold, and even Diamond along with many more features to try ou",demo,55,medium,Inside extended window (+15); Official Steam News (+20); Keywords ['demo'] (+20),
4210580,youtube_video,inside_extended_window,https://www.youtube.com/watch?v=owS0uSGlmiA,Ore Factory Squad - Release Trailer,,Ore Factory Squad is a co-op mining and factory-building game with procedural mining and fun at its core! Play alone or with ...,trailer,50,medium,Inside extended window (+15); YouTube (+15); Keywords ['trailer'] (+20),
4210580,youtube_video,inside_extended_window,https://www.youtube.com/watch?v=6DCxIb-_qMM,This Mining Game Makes You Negotiate BEFORE You Dig | Ore Factory Squad ⛏️,,"This game won't let you touch a shovel until you win a price haggle. Fully diggable terrain, no fixed paths, solo or 4-player co-op.",,50,medium,Inside extended window (+15); YouTube (+15); Exact title match (+20),
4210580,social_post,unknown_date,https://x.com/ThreeWGames,threeW Games | Ore Factory Squad (@ThreeWGames) / X,"indie studio in Istanbul Wishlist Ore Factory Squad on Steam! We are officially the #1 game of Steam Next Fest! 🏆 ...if you specifically search for an online co-op mining & factory game that starts with ""O"" and ends with ""D""🤫 Jokes aside, this year's fest is packed with thousands of incredible projects, and we are so happy to be one of. Ore Factory Squad has officially crossed 40,000+ Wishlists on Steam! ⛏️ Ore Factory Squad is a co-op mining & factory business game where you grab your friends (or go solo), dig deep underground, and make a fortune. Play the Demo now on Steam! Ore Factory Squad ⛏️ on Steam. We’ve been working hard on new things to show you, and we’re happy to share that 85,000+ players have added the demo to their libraries while Ore Factory Squad has passed 30,000+ wishlists! Play the demo now on Steam and don't forget to wishlist!",,demo,45,medium,Social Index (+5); Exact title match (+20); Keywords ['demo'] (+20),social
4210580,social_post,unknown_date,https://x.com/enescetin1903/status/2071687222735356322,"Enes Çetin on X: ""@tolgasnl Yer altında maden, yer üstünde fabrika. Kazıyorsun, işliyorsun, satıyorsun, büyütüyorsun. Tek başına ya da 4 kişiye kadar co-op. Demo yayında 16 Temmuz'da çıkmadan önce feedbackini bekliyoruz! #indietamzamanı https://t.co/QDThPXPBRu"" / X","## Post. Yer altında maden, yer üstünde fabrika. Tek başına ya da 4 kişiye kadar co-op. Demo yayında 16 Temmuz'da çıkmadan önce feedbackini bekliyoruz! Ore Factory Squad ⛏️ on SteamFrom store.steampowered.com. 8:08 PM · Jun 29, 2026213Views. Don't miss what's happening. People on X are the first to know.",,demo,45,medium,Social Index (+5); Exact title match (+20); Keywords ['demo'] (+20),social
4210580,social_post,unknown_date,https://steamcommunity.com/app/4210580,Steam Community :: Ore Factory Squad ⛏️,"Get the Steam Mobile App. All trademarks are property of their respective owners in the US and other countries. Ore Factory Squad is a co-op mining and factory-building game with procedural mining and fun at its core! Get ready to expand your factory across different dig sites, each with new resources to discover, unique environments to explore, and new challenges waiting underground along with many more features to try out! **Ore Factory Squad has now passed 45,000+ wishlists** on Steam, and your support means a lot to us. In this devlog, we’ll take a closer look at the different maps you’ll unlock as you progress and what makes each dig site unique. With the launch version of **Ore Factory Squad**, there will be **4 different dig sites** to unlock and purchase as you progress through the game. You already know the **Suburban** from the demo, so today we want to talk about two other locations you’ll be able to visit in the full game: **Forest** and **Construction Site**.",,demo,45,medium,Social Index (+5); Exact title match (+20); Keywords ['demo'] (+20),social
4210580,social_post,unknown_date,https://store.steampowered.com/app/4396420/Ore_Factory_Squad__Demo,Ore Factory Squad ⛏️ Demo on Steam,"Get the Steam Mobile App. All trademarks are property of their respective owners in the US and other countries. Link to the Steam Homepage. All Games > Simulation Games > PlayWay S.A. Franchise > Ore Factory Squad ⛏️ > Demo. Ore Factory Squad Demo is a co-op mining and factory-building game with procedural mining and fun at its core! Play alone or with friends, buy properties, dig deep for valuable resources, complete contracts, upgrade and automate production lines and grow your factory from zero to industry! Very Positive  (214)   - 90% of the 214 user reviews for this demo are positive. Sign in to add this item to your wishlist, follow it, or mark it as ignored. ## Play Ore Factory Squad ⛏️ Demo. **Ore Factory Squad** is a co-op mining and factory-building game with procedural mining and fun at its core! Play solo or with up to 4 players, running the entire operation yourself or working together to build it faster!",,demo,45,medium,Social Index (+5); Exact title match (+20); Keywords ['demo'] (+20),social
4210580,youtube_video,inside_spike_window,https://www.youtube.com/watch?v=jgU0MAo2nOU,Dig Giant Holes &amp; Build Mega Factories To Get Rich,,Digging a hole and running mega factory in one! This co-op mining game turns conveyor spaghetti into a shared industrial empire ...,,45,medium,Inside spike window (+30); YouTube (+15),
4210580,steam_news,outside_window,https://steamstore-a.akamaihd.net/news/externalpost/steam_community_announcements/1831432155572794,Devlog #1 | Welcome to the Redstone City!,,"Hi Miners! ⛏️We’ve been a little quiet since the last update since we’ve been working hard on new things to show you. We’re happy to share that over 85,000 players have added the demo to their libraries, and game has passed +30,000 wishlists!We’ve also heard clearly that many of you want to experien",demo,40,medium,Official Steam News (+20); Keywords ['demo'] (+20),
4210580,steam_news,outside_window,https://steamstore-a.akamaihd.net/news/externalpost/steam_community_announcements/1828894815556036,Fixes & Improvements | Demo Patch Notes - v1.5.3,,"Hi Miners! ⛏️Since we released the demo last Friday, the response has been incredible.Over 45,000+ players have already added the demo to their libraries, we’ve reached 600+ concurrent players, and the game has now passed 15,000+ wishlists on Steam 🥳 If you’ve been enjoying your time with the demo, ",demo,40,medium,Official Steam News (+20); Keywords ['demo'] (+20),
4210580,steam_news,outside_window,https://steamstore-a.akamaihd.net/news/externalpost/steam_community_announcements/1828441623107416,Fixes & Improvements | Demo Patch Notes - v1.5.2,,"Hi Miners! ⛏️Thank you so much to everyone who played the demo, shared feedback, and reported bugs! It’s been amazing to see the over 12,000+ players have already added the demo to their libraries 🥳 If you’ve been enjoying your time with the demo, don’t forget to add the game to your wishlist on Ste",demo,40,medium,Official Steam News (+20); Keywords ['demo'] (+20),
4210580,steam_news,outside_window,https://steamstore-a.akamaihd.net/news/externalpost/steam_community_announcements/1828441623104138,Ore Factory Squad Demo is Out Now!,,"Hello Miners! ⛏️ The day is here, the Ore Factory Squad Demo is now available on Steam! If you’ve been waiting to jump into Ore Factory Squad, now is the perfect time to start digging. Play solo or with up to 4 players, buy properties, mine valuable resources, process what you extract and experience",demo,40,medium,Official Steam News (+20); Keywords ['demo'] (+20),
4210580,steam_news,outside_window,https://steamstore-a.akamaihd.net/news/externalpost/steam_community_announcements/1827626365750888,Announcing the Ore Factory Squad ⛏️,,"Hello future Miners! ⛏️Today we’re excited to officially announce Ore Factory Squad!Ore Factory Squad is a co-op mining and factory-building game with procedural mining and factory progression at its core. Play alone or with friends, buy properties, dig deep for valuable resources, complete contract",,40,medium,Official Steam News (+20); Exact title match (+20),
4210580,web_result,unknown_date,https://steamcommunity.com/app/4210580,Steam Community :: Ore Factory Squad ⛏️,"Get the Steam Mobile App. All trademarks are property of their respective owners in the US and other countries. Ore Factory Squad is a co-op mining and factory-building game with procedural mining and fun at its core! Get ready to expand your factory across different dig sites, each with new resources to discover, unique environments to explore, and new challenges waiting underground along with many more features to try out! **Ore Factory Squad has now passed 45,000+ wishlists** on Steam, and your support means a lot to us. In this devlog, we’ll take a closer look at the different maps you’ll unlock as you progress and what makes each dig site unique. With the launch version of **Ore Factory Squad**, there will be **4 different dig sites** to unlock and purchase as you progress through the game. You already know the **Suburban** from the demo, so today we want to talk about two other locations you’ll be able to visit in the full game: **Forest** and **Construction Site**.",,demo,40,medium,Exact title match (+20); Keywords ['demo'] (+20),general
4210580,web_result,unknown_date,https://steamcommunity.com/app/4210580,Steam Community :: Ore Factory Squad ⛏️,"Get the Steam Mobile App. All trademarks are property of their respective owners in the US and other countries. Ore Factory Squad is a co-op mining and factory-building game with procedural mining and fun at its core! Get ready to expand your factory across different dig sites, each with new resources to discover, unique environments to explore, and new challenges waiting underground along with many more features to try out! **Ore Factory Squad has now passed 45,000+ wishlists** on Steam, and your support means a lot to us. In this devlog, we’ll take a closer look at the different maps you’ll unlock as you progress and what makes each dig site unique. With the launch version of **Ore Factory Squad**, there will be **4 different dig sites** to unlock and purchase as you progress through the game. You already know the **Suburban** from the demo, so today we want to talk about two other locations you’ll be able to visit in the full game: **Forest** and **Construction Site**.",,demo,40,medium,Exact title match (+20); Keywords ['demo'] (+20),general
4210580,web_result,unknown_date,https://store.steampowered.com/app/4396420/Ore_Factory_Squad__Demo,Ore Factory Squad ⛏️ Demo on Steam,"Get the Steam Mobile App. All trademarks are property of their respective owners in the US and other countries. Link to the Steam Homepage. All Games > Simulation Games > PlayWay S.A. Franchise > Ore Factory Squad ⛏️ > Demo. Ore Factory Squad Demo is a co-op mining and factory-building game with procedural mining and fun at its core! Play alone or with friends, buy properties, dig deep for valuable resources, complete contracts, upgrade and automate production lines and grow your factory from zero to industry! Very Positive  (214)   - 90% of the 214 user reviews for this demo are positive. Sign in to add this item to your wishlist, follow it, or mark it as ignored. ## Play Ore Factory Squad ⛏️ Demo. **Ore Factory Squad** is a co-op mining and factory-building game with procedural mining and fun at its core! Play solo or with up to 4 players, running the entire operation yourself or working together to build it faster!",,demo,40,medium,Exact title match (+20); Keywords ['demo'] (+20),general
4210580,web_result,unknown_date,https://steamdb.info/app/4396420,Ore Factory Squad ⛏️ Demo,"Ore Factory Squad Demo is a co-op mining and factory-building game with procedural mining and fun at its core! Play alone or with friends, buy properties,",,demo,40,medium,Exact title match (+20); Keywords ['demo'] (+20),general
4210580,web_result,unknown_date,https://store.steampowered.com/app/4396420/Ore_Factory_Squad__Demo,Ore Factory Squad ⛏️ Demo on Steam,"Get the Steam Mobile App. All trademarks are property of their respective owners in the US and other countries. Link to the Steam Homepage. All Games > Simulation Games > PlayWay S.A. Franchise > Ore Factory Squad ⛏️ > Demo. Ore Factory Squad Demo is a co-op mining and factory-building game with procedural mining and fun at its core! Play alone or with friends, buy properties, dig deep for valuable resources, complete contracts, upgrade and automate production lines and grow your factory from zero to industry! Very Positive  (214)   - 90% of the 214 user reviews for this demo are positive. Sign in to add this item to your wishlist, follow it, or mark it as ignored. ## Play Ore Factory Squad ⛏️ Demo. **Ore Factory Squad** is a co-op mining and factory-building game with procedural mining and fun at its core! Play solo or with up to 4 players, running the entire operation yourself or working together to build it faster!",,demo,40,medium,Exact title match (+20); Keywords ['demo'] (+20),general
4210580,web_result,unknown_date,https://steamdb.info/app/4396420,Ore Factory Squad ⛏️ Demo,"Ore Factory Squad Demo is a co-op mining and factory-building game with procedural mining and fun at its core! Play alone or with friends, buy properties,",,demo,40,medium,Exact title match (+20); Keywords ['demo'] (+20),general
4210580,web_result,unknown_date,https://steamcommunity.com/app/4210580,Steam Community :: Ore Factory Squad ⛏️,"Get the Steam Mobile App. All trademarks are property of their respective owners in the US and other countries. Ore Factory Squad is a co-op mining and factory-building game with procedural mining and fun at its core! Get ready to expand your factory across different dig sites, each with new resources to discover, unique environments to explore, and new challenges waiting underground along with many more features to try out! **Ore Factory Squad has now passed 45,000+ wishlists** on Steam, and your support means a lot to us. In this devlog, we’ll take a closer look at the different maps you’ll unlock as you progress and what makes each dig site unique. With the launch version of **Ore Factory Squad**, there will be **4 different dig sites** to unlock and purchase as you progress through the game. You already know the **Suburban** from the demo, so today we want to talk about two other locations you’ll be able to visit in the full game: **Forest** and **Construction Site**.",,demo,40,medium,Exact title match (+20); Keywords ['demo'] (+20),general
4210580,web_result,unknown_date,https://steamdb.info/app/4210580,Ore Factory Squad ⛏️,"Release Date, 16 July 2026 – 13:00:00 UTC ( in 11 days ). Ore Factory Squad is a co-op mining and factory-building game with procedural mining and fun at its",,release date,40,medium,Exact title match (+20); Keywords ['release date'] (+20),general
4210580,web_result,unknown_date,https://store.steampowered.com/news/group/33701576/view/532126482488623496,PlayWay S.A. - Announcing the Ore Factory Squad ⛏️ - Steam News,"Image 4: Link to the Steam Homepage. Announcing the Ore Factory Squad ⛏️. Get your shovel and pickaxe ready, play the Demo on March 27! Today we’re excited to officially announce **Ore Factory Squad**! **Ore Factory Squad** is a co-op mining and factory-building game with procedural mining and factory progression at its core. We’re also happy to share that the demo will be available on March 27, so you won’t have to wait long to try it for yourself! Here’s what you can expect in Ore Factory Squad:. ### **⭐ Wishlist Ore Factory Squad**. Image 7: Ore Factory Squad ⛏️. SimulationMiningSandboxOnline Co-OpAutomationCo-opExplorationBuildingManagementImmersive Sim. Ore Factory Squad is a co-op mining and factory-building game with procedural mining and fun at its core! Image 9: Ore Factory Squad ⛏️ Demo. Ore Factory Squad Demo is a co-op mining and factory-building game with procedural mining and fun at its core! We’re really excited to hear what you think about **Ore Factory Squad**!",,demo,40,medium,Exact title match (+20); Keywords ['demo'] (+20),general
4210580,web_result,unknown_date,https://steamcommunity.com/app/4210580,Steam Community :: Ore Factory Squad ⛏️,"Get the Steam Mobile App. All trademarks are property of their respective owners in the US and other countries. Ore Factory Squad is a co-op mining and factory-building game with procedural mining and fun at its core! Get ready to expand your factory across different dig sites, each with new resources to discover, unique environments to explore, and new challenges waiting underground along with many more features to try out! **Ore Factory Squad has now passed 45,000+ wishlists** on Steam, and your support means a lot to us. In this devlog, we’ll take a closer look at the different maps you’ll unlock as you progress and what makes each dig site unique. With the launch version of **Ore Factory Squad**, there will be **4 different dig sites** to unlock and purchase as you progress through the game. You already know the **Suburban** from the demo, so today we want to talk about two other locations you’ll be able to visit in the full game: **Forest** and **Construction Site**.",,demo,40,medium,Exact title match (+20); Keywords ['demo'] (+20),general
4210580,web_result,unknown_date,https://store.steampowered.com/app/4396420/Ore_Factory_Squad__Demo,Ore Factory Squad ⛏️ Demo on Steam,"Get the Steam Mobile App. All trademarks are property of their respective owners in the US and other countries. Link to the Steam Homepage. All Games > Simulation Games > PlayWay S.A. Franchise > Ore Factory Squad ⛏️ > Demo. Ore Factory Squad Demo is a co-op mining and factory-building game with procedural mining and fun at its core! Play alone or with friends, buy properties, dig deep for valuable resources, complete contracts, upgrade and automate production lines and grow your factory from zero to industry! Very Positive  (214)   - 90% of the 214 user reviews for this demo are positive. Sign in to add this item to your wishlist, follow it, or mark it as ignored. ## Play Ore Factory Squad ⛏️ Demo. **Ore Factory Squad** is a co-op mining and factory-building game with procedural mining and fun at its core! Play solo or with up to 4 players, running the entire operation yourself or working together to build it faster!",,demo,40,medium,Exact title match (+20); Keywords ['demo'] (+20),general
4210580,web_result,unknown_date,https://steamcommunity.com/app/4210580,Steam Community :: Ore Factory Squad ⛏️,"Get the Steam Mobile App. All trademarks are property of their respective owners in the US and other countries. Ore Factory Squad is a co-op mining and factory-building game with procedural mining and fun at its core! Get ready to expand your factory across different dig sites, each with new resources to discover, unique environments to explore, and new challenges waiting underground along with many more features to try out! **Ore Factory Squad has now passed 45,000+ wishlists** on Steam, and your support means a lot to us. In this devlog, we’ll take a closer look at the different maps you’ll unlock as you progress and what makes each dig site unique. With the launch version of **Ore Factory Squad**, there will be **4 different dig sites** to unlock and purchase as you progress through the game. You already know the **Suburban** from the demo, so today we want to talk about two other locations you’ll be able to visit in the full game: **Forest** and **Construction Site**.",,demo,40,medium,Exact title match (+20); Keywords ['demo'] (+20),general
4210580,web_result,unknown_date,https://steamdb.info/app/4396420,Ore Factory Squad ⛏️ Demo - SteamDB,"Ore Factory Squad Demo is a co-op mining and factory-building game with procedural mining and fun at its core! Play alone or with friends, buy properties,",,demo,40,medium,Exact title match (+20); Keywords ['demo'] (+20),general
4210580,web_result,unknown_date,https://store.steampowered.com/app/4396420/Ore_Factory_Squad__Demo,Ore Factory Squad ⛏️ Demo on Steam,"Get the Steam Mobile App. All trademarks are property of their respective owners in the US and other countries. Link to the Steam Homepage. All Games > Simulation Games > PlayWay S.A. Franchise > Ore Factory Squad ⛏️ > Demo. Ore Factory Squad Demo is a co-op mining and factory-building game with procedural mining and fun at its core! Play alone or with friends, buy properties, dig deep for valuable resources, complete contracts, upgrade and automate production lines and grow your factory from zero to industry! Very Positive  (214)   - 90% of the 214 user reviews for this demo are positive. Sign in to add this item to your wishlist, follow it, or mark it as ignored. ## Play Ore Factory Squad ⛏️ Demo. **Ore Factory Squad** is a co-op mining and factory-building game with procedural mining and fun at its core! Play solo or with up to 4 players, running the entire operation yourself or working together to build it faster!",,demo,40,medium,Exact title match (+20); Keywords ['demo'] (+20),general
4210580,web_result,unknown_date,https://steamcommunity.com/app/4210580,Steam Community :: Ore Factory Squad ⛏️,"Get the Steam Mobile App. All trademarks are property of their respective owners in the US and other countries. Ore Factory Squad is a co-op mining and factory-building game with procedural mining and fun at its core! Get ready to expand your factory across different dig sites, each with new resources to discover, unique environments to explore, and new challenges waiting underground along with many more features to try out! **Ore Factory Squad has now passed 45,000+ wishlists** on Steam, and your support means a lot to us. In this devlog, we’ll take a closer look at the different maps you’ll unlock as you progress and what makes each dig site unique. With the launch version of **Ore Factory Squad**, there will be **4 different dig sites** to unlock and purchase as you progress through the game. You already know the **Suburban** from the demo, so today we want to talk about two other locations you’ll be able to visit in the full game: **Forest** and **Construction Site**.",,demo,40,medium,Exact title match (+20); Keywords ['demo'] (+20),general
4210580,web_result,unknown_date,https://gg.deals/game/ore-factory-squad,Buy cheap Ore Factory Squad ⛏️ CD Key 🏷️ Best Price | GG.deals,"It is being developed by threeW and will be published by PlayWay S.A.. Ore Factory Squad ⛏️ PC release date is planned for July 16, 2026. The genre of the game",,release date,40,medium,Exact title match (+20); Keywords ['release date'] (+20),general
4210580,web_result,unknown_date,https://steamcommunity.com/app/4210580,Steam Community :: Ore Factory Squad ⛏️,"Get the Steam Mobile App. All trademarks are property of their respective owners in the US and other countries. Ore Factory Squad is a co-op mining and factory-building game with procedural mining and fun at its core! Get ready to expand your factory across different dig sites, each with new resources to discover, unique environments to explore, and new challenges waiting underground along with many more features to try out! **Ore Factory Squad has now passed 45,000+ wishlists** on Steam, and your support means a lot to us. In this devlog, we’ll take a closer look at the different maps you’ll unlock as you progress and what makes each dig site unique. With the launch version of **Ore Factory Squad**, there will be **4 different dig sites** to unlock and purchase as you progress through the game. You already know the **Suburban** from the demo, so today we want to talk about two other locations you’ll be able to visit in the full game: **Forest** and **Construction Site**.",,demo,40,medium,Exact title match (+20); Keywords ['demo'] (+20),general
4210580,web_result,unknown_date,https://store.steampowered.com/app/4396420/Ore_Factory_Squad__Demo,Ore Factory Squad ⛏️ Demo on Steam,"Get the Steam Mobile App. All trademarks are property of their respective owners in the US and other countries. Link to the Steam Homepage. All Games > Simulation Games > PlayWay S.A. Franchise > Ore Factory Squad ⛏️ > Demo. Ore Factory Squad Demo is a co-op mining and factory-building game with procedural mining and fun at its core! Play alone or with friends, buy properties, dig deep for valuable resources, complete contracts, upgrade and automate production lines and grow your factory from zero to industry! Very Positive  (214)   - 90% of the 214 user reviews for this demo are positive. Sign in to add this item to your wishlist, follow it, or mark it as ignored. ## Play Ore Factory Squad ⛏️ Demo. **Ore Factory Squad** is a co-op mining and factory-building game with procedural mining and fun at its core! Play solo or with up to 4 players, running the entire operation yourself or working together to build it faster!",,demo,40,medium,Exact title match (+20); Keywords ['demo'] (+20),general
4210580,web_result,unknown_date,https://steamcommunity.com/app/4210580,Steam Community :: Ore Factory Squad ⛏️,"Get the Steam Mobile App. All trademarks are property of their respective owners in the US and other countries. Ore Factory Squad is a co-op mining and factory-building game with procedural mining and fun at its core! Get ready to expand your factory across different dig sites, each with new resources to discover, unique environments to explore, and new challenges waiting underground along with many more features to try out! **Ore Factory Squad has now passed 45,000+ wishlists** on Steam, and your support means a lot to us. In this devlog, we’ll take a closer look at the different maps you’ll unlock as you progress and what makes each dig site unique. With the launch version of **Ore Factory Squad**, there will be **4 different dig sites** to unlock and purchase as you progress through the game. You already know the **Suburban** from the demo, so today we want to talk about two other locations you’ll be able to visit in the full game: **Forest** and **Construction Site**.",,demo,40,medium,Exact title match (+20); Keywords ['demo'] (+20),general
4210580,web_result,unknown_date,https://steamdb.info/app/4396420,Ore Factory Squad ⛏️ Demo,"Ore Factory Squad Demo is a co-op mining and factory-building game with procedural mining and fun at its core! Play alone or with friends, buy properties,",,demo,40,medium,Exact title match (+20); Keywords ['demo'] (+20),general
4210580,steam_news,inside_extended_window,https://steamstore-a.akamaihd.net/news/externalpost/steam_community_announcements/1836506165555644,Devlog #2 | Expanding Beyond the Backyard,,"Hi Miners! ⛏️Ore Factory Squad is launching on July 16! Get ready to expand your factory across different dig sites, each with new resources to discover, unique environments to explore, and new challenges waiting underground along with many more features to try out! Make sure to wishlist the game so",,35,medium,Inside extended window (+15); Official Steam News (+20),
4210580,youtube_video,outside_window,https://www.youtube.com/watch?v=sePio1GyHm4,Ore Factory Squad - Gameplay Trailer,,"Play alone or with friends, buy properties, dig deep for valuable resources, complete contracts, upgrade and automate production ...","trailer, gameplay",35,medium,"YouTube (+15); Keywords ['trailer', 'gameplay'] (+20)",
4210580,youtube_video,outside_window,https://www.youtube.com/watch?v=hb5WcbsdFvA,Ore Factory Squad: Demo - Release Date Trailer,,Ore Factory Squad: Demo will reach the surface on March 27th! ⛏️⚙️ Dig deep and build big in this co-op mining and ...,"trailer, demo, release date",35,medium,"YouTube (+15); Keywords ['trailer', 'demo', 'release date'] (+20)",
4210580,youtube_video,outside_window,https://www.youtube.com/watch?v=oTr53KATvcM,Ore Factory Squad Demo First Look - It&#39;s Digging a Hole AND Building a Factory!  Episode 1,,"Hey everybody! Here's a first look at the demo for Ore Factory Squad, available March 27th on Steam! You can find it here: ...",demo,35,medium,YouTube (+15); Keywords ['demo'] (+20),
4210580,youtube_video,outside_window,https://www.youtube.com/watch?v=_jYAzX1G2zM,Ore Factory Squad | EARLY LOOK | Digging &amp; Factory Simulator Demo,,Checking out the new demo for Ore Factory Squad simulator early! Become a Member of the channel if you want to support!,demo,35,medium,YouTube (+15); Keywords ['demo'] (+20),
4210580,youtube_video,outside_window,https://www.youtube.com/watch?v=Zw4h5g8djME,Let&#39;s Try the Ore Factory Squad Demo | First Reactions,,Trying out the Ore Factory Demo Thanks for Watching ...,demo,35,medium,YouTube (+15); Keywords ['demo'] (+20),
4210580,youtube_video,outside_window,https://www.youtube.com/watch?v=fnpFUAQrV40,ORE FACTORY SQUAD - Full Demo,,Ore Factory Squad is a co-op mining and factory-building game with procedural mining and fun at its core! Play alone or with ...,demo,35,medium,YouTube (+15); Keywords ['demo'] (+20),
4210580,youtube_video,outside_window,https://www.youtube.com/watch?v=_jYAzX1G2zM,Ore Factory Squad | EARLY LOOK | Digging &amp; Factory Simulator Demo,,Checking out the new demo for Ore Factory Squad simulator early! Become a Member of the channel if you want to support!,demo,35,medium,YouTube (+15); Keywords ['demo'] (+20),
4210580,youtube_video,outside_window,https://www.youtube.com/watch?v=oTr53KATvcM,Ore Factory Squad Demo First Look - It&#39;s Digging a Hole AND Building a Factory!  Episode 1,,"Hey everybody! Here's a first look at the demo for Ore Factory Squad, available March 27th on Steam! You can find it here: ...",demo,35,medium,YouTube (+15); Keywords ['demo'] (+20),
4210580,youtube_video,outside_window,https://www.youtube.com/watch?v=GLUhDrkq7DE,I Was NOT Ready For This Factory Digging Game… | Ore Factory Squad Demo First Look,,simulator #gameplay #funnyfails #earlyaccess #demo #firstlook #letsplay #steamgame #mineralminingsimulator #minerals ...,"gameplay, demo",35,medium,"YouTube (+15); Keywords ['gameplay', 'demo'] (+20)",
4210580,youtube_video,outside_window,https://www.youtube.com/watch?v=Zw4h5g8djME,Let&#39;s Try the Ore Factory Squad Demo | First Reactions,,Trying out the Ore Factory Demo Thanks for Watching ...,demo,35,medium,YouTube (+15); Keywords ['demo'] (+20),
4210580,reddit_discussion,unknown_date,https://www.reddit.com/r/AutomationGames/comments/1upsgcj/if_you_like_deepcore_mining_and_complex_logistics,"If you like deep-core mining and complex logistics, we finally ...","If you like deep-core mining and complex logistics, we finally have a trailer for our co-op automation hybrid: Ore Factory Squad.",,trailer,30,weak,Reddit (+10); Keywords ['trailer'] (+20),general
4210580,youtube_video,inside_extended_window,https://www.youtube.com/watch?v=gTLDhAmVAQQ,New Coop Mining Simulator Where You Can Dig Wherever You Want! 😱 #gaming #gamestoplay,,"Ore Factory Squad is an upcoming co-op mining and factory-building simulator where you start with a small warehouse, buy land, ...",,30,weak,Inside extended window (+15); YouTube (+15),
4210580,youtube_video,inside_extended_window,https://www.youtube.com/watch?v=F_yXjuKPwNI,Ore Factory Squad — Deep Rock Galactic Meets Satisfactory in This Co-op Mining Sim,,"ad Sponsored by Ore Factory Squad. I want you to imagine you and three friends starting with one shovel in a backyard, digging ...",,30,weak,Inside extended window (+15); YouTube (+15),
4210580,web_result,unknown_date,https://www.instagram.com/reel/DWPCRhaAn0r?hl=en,We are happy to announce our brand-new co-op game Ore Factory ...,Ore Factory Squad: Demo will reach the surface on March 27th! ⛏️⚙️,,demo,25,weak,Social Index (+5); Keywords ['demo'] (+20),general
4210580,social_post,unknown_date,https://www.instagram.com/reel/DWPCRhaAn0r,Instagram,"Sign up for Instagram to stay in the loop. By continuing, you agree to Instagram's Terms of Use and Privacy Policy. Video by threeW Games on March 23, 2026. We are happy to announce our brand-new co-op game Ore Factory Squad! And you won't have to wait long to try it out. Ore Factory Squad is a co-op mining and factory game with procedural mining and fun at its core! Work together or alone to scale a small operation into a fully automated facility:. ▪️ Extract resources with an arsenal of mining tools. ▪️ Build and automate complex factory lines to process your resources. ▪️ Survive and expand in true 1-4 player co-op. Wishlist now on Steam and get ready to play the demo! Log in to like or comment. Photo by threeW Games on June 11, 2026. Photo by threeW Games on March 29, 2026. Photo by threeW Games on January 23, 2026. Photo by threeW Games on December 18, 2025.",,demo,25,weak,Social Index (+5); Keywords ['demo'] (+20),social
4210580,social_post,unknown_date,https://www.instagram.com/reel/DWMaPTKjSx2,Instagram,"By continuing, you agree to Instagram's Terms of Use and Privacy Policy. Video by MacicTv on March 22, 2026. Ore Factory Squad ⛏️🏭 Un coop jusqu’à 4 joueurs — creuse le sol pour extraire des minerais, construis ta chaîne de production, automatise tout et transforme ton entrepôt en empire industriel. pineau.loic's profile picture. May be a cartoon of poster and text that says 'ORE FACTORY SQUAD'. May be an image of helicopter, blimp, poster and text that says 'cOC PLANES MULTIJOEURS'. May be a doodle of text that says 'SPONGE SP BREAK COOP'. May be an image of poster and text that says 'CINDERIA ROGUE LIKE'. May be a meme of text that says 'CE FPS DEVIENT VIRAL'. May be an image of poster and text that says 'LE SIMULATOR LE PLUS GLAUQUE ん'. May be an image of outdoors and text that says 'ECHAPPE τοι DE CETTE FORET MAUDITE 1'.",,,25,weak,Social Index (+5); Exact title match (+20),social
4210580,social_post,unknown_date,https://www.instagram.com/p/DWeogyFCJb1,Instagram,"Never miss a post from threewgames. Sign up for Instagram to stay in the loop. By continuing, you agree to Instagram's Terms of Use and Privacy Policy. Photo by threeW Games on March 29, 2026. Mines have officially exploded, Ore Factory Squad just crossed 10,000 wishlists! Thank you for your amazing support:. ▪️ Hit 600+ Concurrent Players digging the mines. ▪️ 20,000+ Players added the demo to their library. You have turned our first steps into a monumental stride, and this is just the beginning. ## No comments yet. Log in to like or comment. Video by threeW Games on March 23, 2026. Photo by threeW Games on June 11, 2026. May be an image of screen, videogame controller, poster and text that says 'threew SELECTED WORKUP GAMING WORKUPGAMING4THCOHORT 4TH COHORT workup garing'. Photo by threeW Games on January 23, 2026. Photo by threeW Games on December 18, 2025.",,demo,25,weak,Social Index (+5); Keywords ['demo'] (+20),social
4210580,social_post,unknown_date,https://x.com/haymansafc/status/2072085269558296904,"haymansafc 🌸 on X: """"#OreFactorySquad is a co-op mining and factory-building game with procedural mining and fun at its core! Play alone or with friends, buy properties, dig deep for valuable resources, complete contracts, upgrade and automate production lines..."" https://t.co/L9Md3K75wZ"" / X","## Post. ""#OreFactorySquad is a co-op mining and factory-building game with procedural mining and fun at its core! Play alone or with friends, buy properties, dig deep for valuable resources, complete contracts, upgrade and automate production lines..."". Ore Factory Squad ⛏️ on SteamFrom store.steampowered.com. 10:30 PM · Jun 30, 20267Views. Don't miss what's happening. People on X are the first to know.",,,25,weak,Social Index (+5); Exact title match (+20),social
4210580,social_post,unknown_date,https://x.com/ThreeWGames/status/2075191620450816434,Ore Factory Squad,"Just one week before launch, Ore Factory Squad has reached 50,000+ wishlists on Steam! ⛏️💙 Thank you to everyone who played the demo,",,demo,25,weak,Social Index (+5); Keywords ['demo'] (+20),social
4210580,social_post,unknown_date,https://x.com/BarbosGaming/status/2055655629591609827,"BarbosGaming 🇹🇩 on X: ""⛏️ Am testat Ore Factory Squad Demo LIVE! 👉 merită urmărit dacă îți plac: ⚙️ factory games ⛏️ mining & automation 🏭 build & upgrade systems 🔴 Clipul aici: https://t.co/AgZfOxRCLF #OreFactorySquad #gaming #simulator #factorygame #youtube #indiegame #romania @Play_Way"" / X","## Post. ⛏️ Am testat Ore Factory Squad Demo LIVE! 👉 merită urmărit dacă îți plac: ⚙️ factory games ⛏️ mining & automation 🏭 build & upgrade systems 🔴 Clipul aici: youtube.com/watch? v=MKbtLE… #OreFactorySquad #gaming #simulator #factorygame #youtube #indiegame #romania @Play\_Way. 2:24 PM · May 16, 202698Views. Don't miss what's happening. People on X are the first to know.",,demo,25,weak,Social Index (+5); Keywords ['demo'] (+20),social
4210580,social_post,unknown_date,https://store.steampowered.com/app/4210580/Ore_Factory_Squad,Ore Factory Squad ⛏️ on Steam,"Get the Steam Mobile App. All trademarks are property of their respective owners in the US and other countries. Ore Factory Squad is a co-op mining and factory-building game with procedural mining and fun at its core! Play alone or with friends, buy properties, dig deep for valuable resources, complete contracts, upgrade and automate production lines and grow your factory from zero to industry! Start from a small warehouse, buy properties, dig deep for resources, process what you extract, and turn it into profit. Handle logistics with pallets and forklifts, connect your machines with conveyor belts to create more efficient production flows, gradually turning your warehouse into a larger and more capable industrial system. Upgrade your factory to expand your operation, increase your market reach, take on more contracts, improve negotiation rates, hire and manage workers, and gain licenses that unlock new machines and production lines.",,,25,weak,Social Index (+5); Exact title match (+20),social
4210580,social_post,unknown_date,https://steamdb.info/app/4210580,Ore Factory Squad ⛏️ - SteamDB,"Ore Factory Squad is a co-op mining and factory-building game with procedural mining and fun at its core! Play alone or with friends, buy properties,",,,25,weak,Social Index (+5); Exact title match (+20),social
4210580,social_post,unknown_date,https://www.youtube.com/watch?v=GmdE6ayQe3g,ORE FACTORY SQUAD Demo First Look ⛏️ | This Could Be AMAZING Co-Op!,"ORE FACTORY SQUAD Demo First Look ⛏️ | This Could Be AMAZING Co-Op!
GilBroz Gaming
4840 subscribers
3 likes
94 views
16 May 2026
Ore Factory Squad is a co-op mining and factory-building game with procedural mining and fun at its core! Play alone or with friends, buy properties, dig deep for valuable resources, complete contracts, upgrade and automate production lines and grow your factory from zero to industry!

Don't forget to like and sub for daily content!

Steam Page: https://store.steampowered.com/app/4210580/Ore_Factory_Squad/


GilBroz Gaming Channel!

Discord: https://discord.gg/WhbWaJN2JR
Patreon: https://www.patreon.com/c/GilbrozGaming

Pc Specs for Broeven:

Nvidia Geforce RTX 5060 Ti 8GB GDDR6
16GB DDR5 (6000 MHz)
AMD Ryzen 7 7700 Processor
Octa-Core 3.8GHz / 5.3GHz 32MB Cache
1 TB SSD
ASUS Prime B650-Plus

Pc Specs for TheDudeRG86

AMD Ryzen 9 5900X 12-Core CPU 
32GB DDR4
NVIDIA GeForce RTX 3080 10GB
1TB M.2 SSD
3TB SATA ||| 
Windows 11
On-Board 5.1 High Definition Audio
750W Power Supply 80+ Gold Semi-Modular PSU
1 comments
",,demo,25,weak,Social Index (+5); Keywords ['demo'] (+20),social
4210580,web_result,unknown_date,https://store.steampowered.com/app/4210580/Ore_Factory_Squad?l=latam&snr=1_1056_4_franchise_1057&curator_clanid=33701576,Ore Factory Squad ⛏️,"Ore Factory Squad is a co-op mining and factory-building game with procedural mining and fun at its core! Play alone or with friends, buy properties, dig deep",,,20,weak,Exact title match (+20),general
4210580,web_result,unknown_date,https://store.steampowered.com/app/4210580/Ore_Factory_Squad,Ore Factory Squad ⛏️ on Steam,"Get the Steam Mobile App. All trademarks are property of their respective owners in the US and other countries. Ore Factory Squad is a co-op mining and factory-building game with procedural mining and fun at its core! Play alone or with friends, buy properties, dig deep for valuable resources, complete contracts, upgrade and automate production lines and grow your factory from zero to industry! Start from a small warehouse, buy properties, dig deep for resources, process what you extract, and turn it into profit. Handle logistics with pallets and forklifts, connect your machines with conveyor belts to create more efficient production flows, gradually turning your warehouse into a larger and more capable industrial system. Upgrade your factory to expand your operation, increase your market reach, take on more contracts, improve negotiation rates, hire and manage workers, and gain licenses that unlock new machines and production lines.",,,20,weak,Exact title match (+20),general
4210580,web_result,unknown_date,https://steamcommunity.com/app/4210580?curator_clanid=4777282,Ore Factory Squad ⛏️,"Ore Factory Squad is a co-op mining and factory-building game with procedural mining and fun at its core! Play alone or with friends,",,,20,weak,Exact title match (+20),general
4210580,web_result,unknown_date,https://steamdb.info/app/4210580,Ore Factory Squad ⛏️,"Ore Factory Squad is a co-op mining and factory-building game with procedural mining and fun at its core! Play alone or with friends, buy properties,",,,20,weak,Exact title match (+20),general
4210580,web_result,unknown_date,https://www.youtube.com/watch?v=hb5WcbsdFvA,Ore Factory Squad: Demo - Release Date Trailer,"Ore Factory Squad: Demo - Release Date Trailer
ThePlayWay
68600 subscribers
27 likes
831 views
25 Mar 2026
Ore Factory Squad: Demo will reach the surface on March 27th! ⛏️⚙️ 

Dig deep and build big in this co-op mining and factory-building adventure, where you gather resources, automate production, and grow your industry solo or with friends! 🚀

Wishlist now!
🔗 https://store.steampowered.com/app/4396420/Ore_Factory_Squad_Demo
2 comments
",,"trailer, demo, release date",20,weak,"Keywords ['trailer', 'demo', 'release date'] (+20)",general
4210580,web_result,unknown_date,https://www.youtube.com/watch?v=sePio1GyHm4,Ore Factory Squad - Gameplay Trailer,"Play alone or with friends, buy properties, dig deep for valuable resources, complete contracts, upgrade and automate production lines and",,"trailer, gameplay",20,weak,"Keywords ['trailer', 'gameplay'] (+20)",general
4210580,web_result,unknown_date,https://www.gamespress.com/Ore-Factory-Squad-Co-op-Mining-Sim-Announced-Demo-Drops-Soon,"""Ore Factory Squad Co-op Mining Sim Announced ⚙️⛏️ Demo Drops Soon"" - Games Press","3. Ore Factory Squad Co-op Mining Sim Announced ⚙️⛏️ Demo Drops Soon. threeW and PlayWay SA are excited to reveal **Ore Factory Squad** - a brand-new simulation game from the creators of *Zombie Graveyard Simulator*. The public demo launches March 27. Ore Factory Squad is **a first-person co-op mining and factory simulation** focused on procedural mining and factory progression. Start from a small warehouse, buy properties, extract resources, process materials, and grow your industrial operation step by step. Want to start mining before the demo premiere? **Request your demo Steam key** using the button below\* and start the fun early. Feel free to showcase the game however you like! 🏢 PlayWay Steam profile - https://store.steampowered.com/publisher/playway. PlayWay S.A. is a leading Polish game publisher and distributor, recognized for its strong focus on innovative and immersive simulation games. Dedicated to creativity and quality, the company continues to shape the simulation genre, bringing captivating and trend-setting games to a global audience.",,"demo, showcase",20,weak,"Keywords ['demo', 'showcase'] (+20)",general
4210580,web_result,unknown_date,https://store.steampowered.com/app/4210580/Ore_Factory_Squad,Ore Factory Squad ⛏️ on Steam,"Get the Steam Mobile App. All trademarks are property of their respective owners in the US and other countries. Ore Factory Squad is a co-op mining and factory-building game with procedural mining and fun at its core! Play alone or with friends, buy properties, dig deep for valuable resources, complete contracts, upgrade and automate production lines and grow your factory from zero to industry! Start from a small warehouse, buy properties, dig deep for resources, process what you extract, and turn it into profit. Handle logistics with pallets and forklifts, connect your machines with conveyor belts to create more efficient production flows, gradually turning your warehouse into a larger and more capable industrial system. Upgrade your factory to expand your operation, increase your market reach, take on more contracts, improve negotiation rates, hire and manage workers, and gain licenses that unlock new machines and production lines.",,,20,weak,Exact title match (+20),general
4210580,web_result,unknown_date,https://www.youtube.com/watch?v=fnpFUAQrV40,ORE FACTORY SQUAD - Full Demo,"ORE FACTORY SQUAD - Full Demo
GabeHype
21500 subscribers
5 likes
432 views
22 Mar 2026
Ore Factory Squad is a co-op mining and factory-building game with procedural mining and fun at its core! Play alone or with friends, buy properties, dig deep for valuable resources, complete contracts, upgrade and automate production lines and grow your factory from zero to industry!

FULL GAME PLAYLIST: https://youtube.com/playlist?list=PL0E8DeivBBjAvcdwgTqQFQpY9Pfr_N7Z0&si=nKkAdLlx6i-Os96B

SUBSCRIBE FOR MORE HIGH QUALITY WALKTHROUGH VIDEOS!

BECOME A MEMBER TO GET EXCLUSIVE ACCESS TO PERKS: https://www.youtube.com/channel/UCg9gLKJZNrGHi_eYWHn_MYw/join

GET ORE FACTORY SQUAD:
Steam: https://store.steampowered.com/app/4210580/Ore_Factory_Squad/

Disclosure: I received a free review copy of this product from https://www.keymailer.co

#OreFactorySquad #Gameplay #Walkthrough #GameplayWalkthrough #WalkthroughGameplay #PCGameplay #Playthrough #OreFactorySquadGame #SimulationGames #MiningGames #Sandbox #SandboxGames #OnlineCOOP #OnlineCOOPGames #AutomationGames #COOP #COOPGames #ExplorationGames #BuildingGames #ManagementGames #ImmersiveSim #ImmersiveSimGames #EconomyGames #FirstPersonGames #AtmosphericGames #CapitalismGames #BaseBuilding #BaseBuildingGames #CraftingGames #TransportationGames #ResourceManagement #ResourceManagementGames #ColonySim #ColonySimGames #NoCommentary #HD #HDGameplay #UHD #UHDGameplay #4K60FPS #4K #4KGames #4KGameplay #PCUltra #PCMax #PCMaxGameplay #MaxSettings #PCUltraGraphics #GameDemo #Demo #FullDemo #RTX4090 #GabeHype

4K 60FPS //
PC Gameplay //
MAX Settings - ULTRA Graphics //
No Commentary //
NVIDIA GeForce RTX 4090 //

FOLLOW ME ON SOCIAL MEDIA!
1 comments
",,"gameplay, demo",20,weak,"Keywords ['gameplay', 'demo'] (+20)",general
4210580,web_result,unknown_date,https://www.youtube.com/watch?v=GmdE6ayQe3g,ORE FACTORY SQUAD Demo First Look ⛏️ | This Could Be AMAZING Co-Op!,"ORE FACTORY SQUAD Demo First Look ⛏️ | This Could Be AMAZING Co-Op!
GilBroz Gaming
4840 subscribers
3 likes
94 views
16 May 2026
Ore Factory Squad is a co-op mining and factory-building game with procedural mining and fun at its core! Play alone or with friends, buy properties, dig deep for valuable resources, complete contracts, upgrade and automate production lines and grow your factory from zero to industry!

Don't forget to like and sub for daily content!

Steam Page: https://store.steampowered.com/app/4210580/Ore_Factory_Squad/


GilBroz Gaming Channel!

Discord: https://discord.gg/WhbWaJN2JR
Patreon: https://www.patreon.com/c/GilbrozGaming

Pc Specs for Broeven:

Nvidia Geforce RTX 5060 Ti 8GB GDDR6
16GB DDR5 (6000 MHz)
AMD Ryzen 7 7700 Processor
Octa-Core 3.8GHz / 5.3GHz 32MB Cache
1 TB SSD
ASUS Prime B650-Plus

Pc Specs for TheDudeRG86

AMD Ryzen 9 5900X 12-Core CPU 
32GB DDR4
NVIDIA GeForce RTX 3080 10GB
1TB M.2 SSD
3TB SATA ||| 
Windows 11
On-Board 5.1 High Definition Audio
750W Power Supply 80+ Gold Semi-Modular PSU
1 comments
",,demo,20,weak,Keywords ['demo'] (+20),general
4210580,web_result,unknown_date,https://www.gamespress.com/Ore-Factory-Squad-Co-op-Mining-Sim-Announced-Demo-Drops-Soon,"""Ore Factory Squad Co-op Mining Sim Announced ⚙️⛏️ Demo Drops Soon"" - Games Press","3. Ore Factory Squad Co-op Mining Sim Announced ⚙️⛏️ Demo Drops Soon. threeW and PlayWay SA are excited to reveal **Ore Factory Squad** - a brand-new simulation game from the creators of *Zombie Graveyard Simulator*. The public demo launches March 27. Ore Factory Squad is **a first-person co-op mining and factory simulation** focused on procedural mining and factory progression. Start from a small warehouse, buy properties, extract resources, process materials, and grow your industrial operation step by step. Want to start mining before the demo premiere? **Request your demo Steam key** using the button below\* and start the fun early. Feel free to showcase the game however you like! 🏢 PlayWay Steam profile - https://store.steampowered.com/publisher/playway. PlayWay S.A. is a leading Polish game publisher and distributor, recognized for its strong focus on innovative and immersive simulation games. Dedicated to creativity and quality, the company continues to shape the simulation genre, bringing captivating and trend-setting games to a global audience.",,"demo, showcase",20,weak,"Keywords ['demo', 'showcase'] (+20)",general
4210580,web_result,unknown_date,https://www.youtube.com/watch?v=GmdE6ayQe3g,ORE FACTORY SQUAD Demo First Look ⛏️ | This Could Be AMAZING Co-Op!,"ORE FACTORY SQUAD Demo First Look ⛏️ | This Could Be AMAZING Co-Op!
GilBroz Gaming
4840 subscribers
3 likes
94 views
16 May 2026
Ore Factory Squad is a co-op mining and factory-building game with procedural mining and fun at its core! Play alone or with friends, buy properties, dig deep for valuable resources, complete contracts, upgrade and automate production lines and grow your factory from zero to industry!

Don't forget to like and sub for daily content!

Steam Page: https://store.steampowered.com/app/4210580/Ore_Factory_Squad/


GilBroz Gaming Channel!

Discord: https://discord.gg/WhbWaJN2JR
Patreon: https://www.patreon.com/c/GilbrozGaming

Pc Specs for Broeven:

Nvidia Geforce RTX 5060 Ti 8GB GDDR6
16GB DDR5 (6000 MHz)
AMD Ryzen 7 7700 Processor
Octa-Core 3.8GHz / 5.3GHz 32MB Cache
1 TB SSD
ASUS Prime B650-Plus

Pc Specs for TheDudeRG86

AMD Ryzen 9 5900X 12-Core CPU 
32GB DDR4
NVIDIA GeForce RTX 3080 10GB
1TB M.2 SSD
3TB SATA ||| 
Windows 11
On-Board 5.1 High Definition Audio
750W Power Supply 80+ Gold Semi-Modular PSU
1 comments
",,demo,20,weak,Keywords ['demo'] (+20),general
4210580,web_result,unknown_date,https://www.gamespress.com/Ore-Factory-Squad-Co-op-Mining-Sim-Announced-Demo-Drops-Soon,"""Ore Factory Squad Co-op Mining Sim Announced ⚙️⛏️ Demo Drops Soon"" - Games Press","3. Ore Factory Squad Co-op Mining Sim Announced ⚙️⛏️ Demo Drops Soon. threeW and PlayWay SA are excited to reveal **Ore Factory Squad** - a brand-new simulation game from the creators of *Zombie Graveyard Simulator*. The public demo launches March 27. Ore Factory Squad is **a first-person co-op mining and factory simulation** focused on procedural mining and factory progression. Start from a small warehouse, buy properties, extract resources, process materials, and grow your industrial operation step by step. Want to start mining before the demo premiere? **Request your demo Steam key** using the button below\* and start the fun early. Feel free to showcase the game however you like! 🏢 PlayWay Steam profile - https://store.steampowered.com/publisher/playway. PlayWay S.A. is a leading Polish game publisher and distributor, recognized for its strong focus on innovative and immersive simulation games. Dedicated to creativity and quality, the company continues to shape the simulation genre, bringing captivating and trend-setting games to a global audience.",,"demo, showcase",20,weak,"Keywords ['demo', 'showcase'] (+20)",general
4210580,web_result,unknown_date,https://www.facebook.com/PlayWayGames/posts/ore-factory-squad-demo-will-reach-the-surface-on-march-27th-%EF%B8%8F%EF%B8%8F-dig-deep-and-buil/1366731858825281,Ore Factory Squad: Demo will reach the surface on March ...,"Ore Factory Squad: Demo will reach the surface on March 27th! ⛏️⚙️ Dig deep and build big in this co-op mining and factory-building adventure,",,demo,20,weak,Keywords ['demo'] (+20),general
4210580,web_result,unknown_date,https://www.youtube.com/watch?v=oTr53KATvcM,Ore Factory Squad Demo First Look - It's Digging a Hole AND Building a Factory!  Episode 1,"Ore Factory Squad Demo First Look - It's Digging a Hole AND Building a Factory!  Episode 1
Rusty Champaign
20900 subscribers
199 likes
9134 views
23 Mar 2026
Hey everybody!  Here's a first look at the demo for Ore Factory Squad, available March 27th on Steam!  You can find it here:  https://store.steampowered.com/app/4396420/Ore_Factory_Squad_Demo/

Outro music was provided to YouTube by The Orchard Enterprises, courtesy of the Royalty Free Music Crew.  https://www.youtube.com/watch?
v=qT7nUk1fUlA

From the Steam description:  ""Ore Factory Squad Demo is a co-op mining and factory-building game with procedural mining and fun at its core! Play alone or with friends, buy properties, dig deep for valuable resources, complete contracts, upgrade and automate production lines and grow your factory from zero to industry!""

Hope you enjoy it!  Thanks for watching!

#orefactorysquaddemo #orefactorysquad #steamgames #firstlook #gameplay
6 comments
",,"gameplay, demo",20,weak,"Keywords ['gameplay', 'demo'] (+20)",general
4210580,web_result,unknown_date,https://www.gamespress.com/Ore-Factory-Squad-Co-op-Mining-Sim-Announced-Demo-Drops-Soon,"""Ore Factory Squad Co-op Mining Sim Announced ⚙️⛏️ Demo Drops Soon"" - Games Press","3. Ore Factory Squad Co-op Mining Sim Announced ⚙️⛏️ Demo Drops Soon. threeW and PlayWay SA are excited to reveal **Ore Factory Squad** - a brand-new simulation game from the creators of *Zombie Graveyard Simulator*. The public demo launches March 27. Ore Factory Squad is **a first-person co-op mining and factory simulation** focused on procedural mining and factory progression. Start from a small warehouse, buy properties, extract resources, process materials, and grow your industrial operation step by step. Want to start mining before the demo premiere? **Request your demo Steam key** using the button below\* and start the fun early. Feel free to showcase the game however you like! 🏢 PlayWay Steam profile - https://store.steampowered.com/publisher/playway. PlayWay S.A. is a leading Polish game publisher and distributor, recognized for its strong focus on innovative and immersive simulation games. Dedicated to creativity and quality, the company continues to shape the simulation genre, bringing captivating and trend-setting games to a global audience.",,"demo, showcase",20,weak,"Keywords ['demo', 'showcase'] (+20)",general
4210580,web_result,unknown_date,https://www.youtube.com/watch?v=GmdE6ayQe3g,ORE FACTORY SQUAD Demo First Look ⛏️ | This Could Be AMAZING Co-Op!,"ORE FACTORY SQUAD Demo First Look ⛏️ | This Could Be AMAZING Co-Op!
GilBroz Gaming
4840 subscribers
3 likes
94 views
16 May 2026
Ore Factory Squad is a co-op mining and factory-building game with procedural mining and fun at its core! Play alone or with friends, buy properties, dig deep for valuable resources, complete contracts, upgrade and automate production lines and grow your factory from zero to industry!

Don't forget to like and sub for daily content!

Steam Page: https://store.steampowered.com/app/4210580/Ore_Factory_Squad/


GilBroz Gaming Channel!

Discord: https://discord.gg/WhbWaJN2JR
Patreon: https://www.patreon.com/c/GilbrozGaming

Pc Specs for Broeven:

Nvidia Geforce RTX 5060 Ti 8GB GDDR6
16GB DDR5 (6000 MHz)
AMD Ryzen 7 7700 Processor
Octa-Core 3.8GHz / 5.3GHz 32MB Cache
1 TB SSD
ASUS Prime B650-Plus

Pc Specs for TheDudeRG86

AMD Ryzen 9 5900X 12-Core CPU 
32GB DDR4
NVIDIA GeForce RTX 3080 10GB
1TB M.2 SSD
3TB SATA ||| 
Windows 11
On-Board 5.1 High Definition Audio
750W Power Supply 80+ Gold Semi-Modular PSU
1 comments
",,demo,20,weak,Keywords ['demo'] (+20),general
4210580,web_result,unknown_date,https://www.youtube.com/watch?v=GmdE6ayQe3g,ORE FACTORY SQUAD Demo First Look ⛏️ | This Could Be AMAZING Co-Op!,"ORE FACTORY SQUAD Demo First Look ⛏️ | This Could Be AMAZING Co-Op!
GilBroz Gaming
4840 subscribers
3 likes
94 views
16 May 2026
Ore Factory Squad is a co-op mining and factory-building game with procedural mining and fun at its core! Play alone or with friends, buy properties, dig deep for valuable resources, complete contracts, upgrade and automate production lines and grow your factory from zero to industry!

Don't forget to like and sub for daily content!

Steam Page: https://store.steampowered.com/app/4210580/Ore_Factory_Squad/


GilBroz Gaming Channel!

Discord: https://discord.gg/WhbWaJN2JR
Patreon: https://www.patreon.com/c/GilbrozGaming

Pc Specs for Broeven:

Nvidia Geforce RTX 5060 Ti 8GB GDDR6
16GB DDR5 (6000 MHz)
AMD Ryzen 7 7700 Processor
Octa-Core 3.8GHz / 5.3GHz 32MB Cache
1 TB SSD
ASUS Prime B650-Plus

Pc Specs for TheDudeRG86

AMD Ryzen 9 5900X 12-Core CPU 
32GB DDR4
NVIDIA GeForce RTX 3080 10GB
1TB M.2 SSD
3TB SATA ||| 
Windows 11
On-Board 5.1 High Definition Audio
750W Power Supply 80+ Gold Semi-Modular PSU
1 comments
",,demo,20,weak,Keywords ['demo'] (+20),general
4210580,web_result,unknown_date,https://www.gamespress.com/Ore-Factory-Squad-Co-op-Mining-Sim-Announced-Demo-Drops-Soon,"""Ore Factory Squad Co-op Mining Sim Announced ⚙️⛏️ Demo Drops Soon"" - Games Press","3. Ore Factory Squad Co-op Mining Sim Announced ⚙️⛏️ Demo Drops Soon. threeW and PlayWay SA are excited to reveal **Ore Factory Squad** - a brand-new simulation game from the creators of *Zombie Graveyard Simulator*. The public demo launches March 27. Ore Factory Squad is **a first-person co-op mining and factory simulation** focused on procedural mining and factory progression. Start from a small warehouse, buy properties, extract resources, process materials, and grow your industrial operation step by step. Want to start mining before the demo premiere? **Request your demo Steam key** using the button below\* and start the fun early. Feel free to showcase the game however you like! 🏢 PlayWay Steam profile - https://store.steampowered.com/publisher/playway. PlayWay S.A. is a leading Polish game publisher and distributor, recognized for its strong focus on innovative and immersive simulation games. Dedicated to creativity and quality, the company continues to shape the simulation genre, bringing captivating and trend-setting games to a global audience.",,"demo, showcase",20,weak,"Keywords ['demo', 'showcase'] (+20)",general
4210580,web_result,unknown_date,https://www.youtube.com/watch?v=GmdE6ayQe3g,ORE FACTORY SQUAD Demo First Look ⛏️ | This Could Be AMAZING Co-Op!,"ORE FACTORY SQUAD Demo First Look ⛏️ | This Could Be AMAZING Co-Op!
GilBroz Gaming
4840 subscribers
3 likes
94 views
16 May 2026
Ore Factory Squad is a co-op mining and factory-building game with procedural mining and fun at its core! Play alone or with friends, buy properties, dig deep for valuable resources, complete contracts, upgrade and automate production lines and grow your factory from zero to industry!

Don't forget to like and sub for daily content!

Steam Page: https://store.steampowered.com/app/4210580/Ore_Factory_Squad/


GilBroz Gaming Channel!

Discord: https://discord.gg/WhbWaJN2JR
Patreon: https://www.patreon.com/c/GilbrozGaming

Pc Specs for Broeven:

Nvidia Geforce RTX 5060 Ti 8GB GDDR6
16GB DDR5 (6000 MHz)
AMD Ryzen 7 7700 Processor
Octa-Core 3.8GHz / 5.3GHz 32MB Cache
1 TB SSD
ASUS Prime B650-Plus

Pc Specs for TheDudeRG86

AMD Ryzen 9 5900X 12-Core CPU 
32GB DDR4
NVIDIA GeForce RTX 3080 10GB
1TB M.2 SSD
3TB SATA ||| 
Windows 11
On-Board 5.1 High Definition Audio
750W Power Supply 80+ Gold Semi-Modular PSU
1 comments
",,demo,20,weak,Keywords ['demo'] (+20),general
4210580,web_result,unknown_date,https://niklasnotes.com/dashboard/game/262174/ore_factory_squad,Ore Factory Squad ⛏️ Analysis on Niklas Notes,"###### Loading Dashboard... Ore Factory Squad ⛏️ Analysis on Niklas Notes"" name=""preload-image-mobile"">"" name=""preload-image-tablet"">"" name=""preload-image-desktop"">. Ore Factory Squad ⛏️ header image. # Ore Factory Squad ⛏️. Ore Factory Squad is a co-op mining and factory-building game with procedural mining and fun at its core! Play alone or with friends, buy properties, dig deep for valuable resources, complete contracts, upgrade and automate production lines and grow your factory from zero to industry! A personalized taste match isn't supported for unreleased titles yet.",,,20,weak,Exact title match (+20),general
4210580,web_result,unknown_date,https://store.steampowered.com/app/4210580/Ore_Factory_Squad,Ore Factory Squad ⛏️ on Steam,"Get the Steam Mobile App. All trademarks are property of their respective owners in the US and other countries. Ore Factory Squad is a co-op mining and factory-building game with procedural mining and fun at its core! Play alone or with friends, buy properties, dig deep for valuable resources, complete contracts, upgrade and automate production lines and grow your factory from zero to industry! Start from a small warehouse, buy properties, dig deep for resources, process what you extract, and turn it into profit. Handle logistics with pallets and forklifts, connect your machines with conveyor belts to create more efficient production flows, gradually turning your warehouse into a larger and more capable industrial system. Upgrade your factory to expand your operation, increase your market reach, take on more contracts, improve negotiation rates, hire and manage workers, and gain licenses that unlock new machines and production lines.",,,20,weak,Exact title match (+20),general
4210580,web_result,unknown_date,https://store.steampowered.com/publisher/threeW?snr=1_5_9__400,threeW - Steam Publisher,"Ore Factory Squad Demo is a co-op mining and factory-building game with procedural mining and fun at its core! Play alone or with friends, buy",,demo,20,weak,Keywords ['demo'] (+20),general
4210580,web_result,unknown_date,https://www.gamespress.com/Ore-Factory-Squad-Co-op-Mining-Sim-Announced-Demo-Drops-Soon,"""Ore Factory Squad Co-op Mining Sim Announced ⚙️⛏️ Demo Drops Soon"" - Games Press","3. Ore Factory Squad Co-op Mining Sim Announced ⚙️⛏️ Demo Drops Soon. threeW and PlayWay SA are excited to reveal **Ore Factory Squad** - a brand-new simulation game from the creators of *Zombie Graveyard Simulator*. The public demo launches March 27. Ore Factory Squad is **a first-person co-op mining and factory simulation** focused on procedural mining and factory progression. Start from a small warehouse, buy properties, extract resources, process materials, and grow your industrial operation step by step. Want to start mining before the demo premiere? **Request your demo Steam key** using the button below\* and start the fun early. Feel free to showcase the game however you like! 🏢 PlayWay Steam profile - https://store.steampowered.com/publisher/playway. PlayWay S.A. is a leading Polish game publisher and distributor, recognized for its strong focus on innovative and immersive simulation games. Dedicated to creativity and quality, the company continues to shape the simulation genre, bringing captivating and trend-setting games to a global audience.",,"demo, showcase",20,weak,"Keywords ['demo', 'showcase'] (+20)",general
4210580,web_result,unknown_date,https://steamdb.info/app/4210580,Ore Factory Squad ⛏️ - SteamDB,"Ore Factory Squad is a co-op mining and factory-building game with procedural mining and fun at its core! Play alone or with friends, buy properties,",,,20,weak,Exact title match (+20),general
4210580,web_result,unknown_date,https://store.steampowered.com/app/4210580/Ore_Factory_Squad,Ore Factory Squad ⛏️ on Steam,"Get the Steam Mobile App. All trademarks are property of their respective owners in the US and other countries. Ore Factory Squad is a co-op mining and factory-building game with procedural mining and fun at its core! Play alone or with friends, buy properties, dig deep for valuable resources, complete contracts, upgrade and automate production lines and grow your factory from zero to industry! Start from a small warehouse, buy properties, dig deep for resources, process what you extract, and turn it into profit. Handle logistics with pallets and forklifts, connect your machines with conveyor belts to create more efficient production flows, gradually turning your warehouse into a larger and more capable industrial system. Upgrade your factory to expand your operation, increase your market reach, take on more contracts, improve negotiation rates, hire and manage workers, and gain licenses that unlock new machines and production lines.",,,20,weak,Exact title match (+20),general
4210580,web_result,unknown_date,https://niklasnotes.com/dashboard/game/262174/ore_factory_squad,Ore Factory Squad ⛏️ Analysis on Niklas Notes,"###### Loading Dashboard... Ore Factory Squad ⛏️ Analysis on Niklas Notes"" name=""preload-image-mobile"">"" name=""preload-image-tablet"">"" name=""preload-image-desktop"">. Ore Factory Squad ⛏️ header image. # Ore Factory Squad ⛏️. Ore Factory Squad is a co-op mining and factory-building game with procedural mining and fun at its core! Play alone or with friends, buy properties, dig deep for valuable resources, complete contracts, upgrade and automate production lines and grow your factory from zero to industry! A personalized taste match isn't supported for unreleased titles yet.",,,20,weak,Exact title match (+20),general
4210580,reddit_discussion,unknown_date,https://www.reddit.com/r/Kenshi/comments/af8tiq/my_workers_only_pick_up_5_ores_when_automining,My workers only pick up 5 ores when auto-mining despite ... - Reddit,"My squad members keep running back to base to deposit every single bit of ore separately, instead of mining till their inventories are full. How",,,10,weak,Reddit (+10),social
4210580,reddit_discussion,unknown_date,https://www.reddit.com/r/factorio/comments/1h26be0/commemorate_your_starting_ore_patches,Commemorate your starting ore patches! : r/factorio - Reddit,"Share your most square ore patch · Started a new game and came across the smallest ore patch I've ever seen · After clearing out a piece of land,",,,10,weak,Reddit (+10),social
4210580,reddit_discussion,unknown_date,https://www.reddit.com/r/X4Foundations/comments/1na8g0i/mining,Mining : r/X4Foundations - Reddit,If my miners or traders get harassed enough I'll make a squadron to escort them. Usually works pretty well. But I typically stick to Large ships,,,10,weak,Reddit (+10),social
4210580,reddit_discussion,unknown_date,https://www.reddit.com/r/avorion/comments/ou52xl/quick_review_of_20_features_thus_far,Quick Review of 2.0 features thus far : r/avorion - Reddit,"1- First and foremost, they took away our looping commands. No longer can we loop a mining ship to collect ore and refine. Instead, it's now mining missions",,,10,weak,Reddit (+10),social
4210580,reddit_discussion,unknown_date,https://www.reddit.com/r/X4Foundations/comments/1updqtf/how_are_players_progressing_the_game_so_quickly,How are players progressing the game so quickly? : r/X4Foundations,"I've found miners to be the best way to get cash, do little missions until you go buy one, pop him someone safe ish with a silicon factory and",,,10,weak,Reddit (+10),social
4210580,web_result,unknown_date,https://www.instagram.com/p/DXHH7LLGM6g,Instagram,"Never miss a post from darkskye.gaming. Photo by Dark Skye Gaming on April 14, 2026. May be a video game screenshot. It Started With a Shovel… And Didn’t Stop – Ore Factory Squad – First Look. Ore Factory Squad – Mining Factory Builder (First Look). 🏗️ Build and expand a factory from a small starting warehouse. May be a video game screenshot of text that says 'EVERQLIEST WUOSH MTC TLE SERVER'. May be a video game screenshot of poster, space shuttle and text that says 'INDUSTR INDUSTRONAUT NAUT'. May be a cartoon of lego, space shuttle, poster and text. May be a video game screenshot of text that says 'EVERQUIEST WU OSHIT TLE SERVER'. May be a video game screenshot of text. May be a video game screenshot of space shuttle and text that says 'SPACE 2 ENGINEERST FTIL αο'. May be a video game screenshot of the Arno River and text that says 'EVERQUEST WU WUSSHI SHII TLE TLESERVER SERVER'.",,,5,weak,Social Index (+5),general
4210580,social_post,unknown_date,https://www.instagram.com/p/DajHh3tjpFL,"Publi ⠀ ⛏️ Ore Factory Squad mezcla minería, fábricas y ...","🏭 Excava, consigue minerales, compra propiedades, completa contratos y automatiza tu producción hasta convertir una pequeña operación en una",,,5,weak,Social Index (+5),social
4210580,social_post,unknown_date,https://www.instagram.com/p/DXHH7LLGM6g,Instagram,"Never miss a post from darkskye.gaming. Photo by Dark Skye Gaming on April 14, 2026. May be a video game screenshot. It Started With a Shovel… And Didn’t Stop – Ore Factory Squad – First Look. Ore Factory Squad – Mining Factory Builder (First Look). 🏗️ Build and expand a factory from a small starting warehouse. May be a video game screenshot of text that says 'EVERQLIEST WUOSH MTC TLE SERVER'. May be a video game screenshot of poster, space shuttle and text that says 'INDUSTR INDUSTRONAUT NAUT'. May be a cartoon of lego, space shuttle, poster and text. May be a video game screenshot of text that says 'EVERQUIEST WU OSHIT TLE SERVER'. May be a video game screenshot of text. May be a video game screenshot of space shuttle and text that says 'SPACE 2 ENGINEERST FTIL αο'. May be a video game screenshot of the Arno River and text that says 'EVERQUEST WU WUSSHI SHII TLE TLESERVER SERVER'.",,,5,weak,Social Index (+5),social
