snapshot_id,captured_at_utc,rank,appid,title,release_text,price_text,game_url,page_number,position_on_page,source_url,discount_text,review_summary,image_url,platforms,tags_raw
3cedf3b2-306f-4b5f-9ad0-4e3fd9a662d5,2026-05-27T07:21:07.851371+00:00,2251,2410360,Mirth Island,To be announced,Unpriced (Coming Soon),https://store.steampowered.com/app/2410360/Mirth_Island/,91,1,https://store.steampowered.com/search/?filter=popularwishlist&ignore_preferences=1&page=91,,,,win,
3cedf3b2-306f-4b5f-9ad0-4e3fd9a662d5,2026-05-27T07:21:07.851371+00:00,2252,3908940,Inferno Protocol,Q2 2026,Unpriced (Coming Soon),https://store.steampowered.com/app/3908940/Inferno_Protocol/,91,2,https://store.steampowered.com/search/?filter=popularwishlist&ignore_preferences=1&page=91,,,,win,
3cedf3b2-306f-4b5f-9ad0-4e3fd9a662d5,2026-05-27T07:21:07.851371+00:00,2253,3536500,Tunguska 2: Whitefall,To be announced,Unpriced (Coming Soon),https://store.steampowered.com/app/3536500/Tunguska_2_Whitefall/,91,3,https://store.steampowered.com/search/?filter=popularwishlist&ignore_preferences=1&page=91,,,,win,
3cedf3b2-306f-4b5f-9ad0-4e3fd9a662d5,2026-05-27T07:21:07.851371+00:00,2254,2007430,Blast Cats,Coming soon,Free,https://store.steampowered.com/app/2007430/Blast_Cats/,91,4,https://store.steampowered.com/search/?filter=popularwishlist&ignore_preferences=1&page=91,,,,win,
3cedf3b2-306f-4b5f-9ad0-4e3fd9a662d5,2026-05-27T07:21:07.851371+00:00,2255,1221950,Nighthawks,To be announced,Unpriced (Coming Soon),https://store.steampowered.com/app/1221950/Nighthawks/,91,5,https://store.steampowered.com/search/?filter=popularwishlist&ignore_preferences=1&page=91,,,,"win,mac",
3cedf3b2-306f-4b5f-9ad0-4e3fd9a662d5,2026-05-27T07:21:07.851371+00:00,2256,2138340,Ships Simulator 2024,To be announced,Unpriced (Coming Soon),https://store.steampowered.com/app/2138340/Ships_Simulator_2024/,91,6,https://store.steampowered.com/search/?filter=popularwishlist&ignore_preferences=1&page=91,,,,win,
3cedf3b2-306f-4b5f-9ad0-4e3fd9a662d5,2026-05-27T07:21:07.851371+00:00,2257,3536680,wYzards,Coming soon,Free,https://store.steampowered.com/app/3536680/wYzards/,91,7,https://store.steampowered.com/search/?filter=popularwishlist&ignore_preferences=1&page=91,,,,win,
3cedf3b2-306f-4b5f-9ad0-4e3fd9a662d5,2026-05-27T07:21:07.851371+00:00,2258,3755930,The Severed Gods,2026,Unpriced (Coming Soon),https://store.steampowered.com/app/3755930/The_Severed_Gods/,91,8,https://store.steampowered.com/search/?filter=popularwishlist&ignore_preferences=1&page=91,,,,win,
3cedf3b2-306f-4b5f-9ad0-4e3fd9a662d5,2026-05-27T07:21:07.851371+00:00,2259,3141630,Montabi,2026,Unpriced (Coming Soon),https://store.steampowered.com/app/3141630/Montabi/,91,9,https://store.steampowered.com/search/?filter=popularwishlist&ignore_preferences=1&page=91,,,,win,
3cedf3b2-306f-4b5f-9ad0-4e3fd9a662d5,2026-05-27T07:21:07.851371+00:00,2260,4183270,StellarDrive,To be announced,Unpriced (Coming Soon),https://store.steampowered.com/app/4183270/StellarDrive/,91,10,https://store.steampowered.com/search/?filter=popularwishlist&ignore_preferences=1&page=91,,,,"win,linux",
3cedf3b2-306f-4b5f-9ad0-4e3fd9a662d5,2026-05-27T07:21:07.851371+00:00,2261,3396160,Warfactory: Automation RTS,Q4 2026,Unpriced (Coming Soon),https://store.steampowered.com/app/3396160/Warfactory_Automation_RTS/,91,11,https://store.steampowered.com/search/?filter=popularwishlist&ignore_preferences=1&page=91,,,,win,
3cedf3b2-306f-4b5f-9ad0-4e3fd9a662d5,2026-05-27T07:21:07.851371+00:00,2262,4537820,Overcome Your Fears - Lighthouse,2026,Unpriced (Coming Soon),https://store.steampowered.com/app/4537820/Overcome_Your_Fears__Lighthouse/,91,12,https://store.steampowered.com/search/?filter=popularwishlist&ignore_preferences=1&page=91,,,,win,
3cedf3b2-306f-4b5f-9ad0-4e3fd9a662d5,2026-05-27T07:21:07.851371+00:00,2263,2836460,Cozy Marbles,2026,Unpriced (Coming Soon),https://store.steampowered.com/app/2836460/Cozy_Marbles/,91,13,https://store.steampowered.com/search/?filter=popularwishlist&ignore_preferences=1&page=91,,,,win,
3cedf3b2-306f-4b5f-9ad0-4e3fd9a662d5,2026-05-27T07:21:07.851371+00:00,2264,3144060,World of the dead,Coming soon,Free,https://store.steampowered.com/app/3144060/World_of_the_dead/,91,14,https://store.steampowered.com/search/?filter=popularwishlist&ignore_preferences=1&page=91,,,,win,
3cedf3b2-306f-4b5f-9ad0-4e3fd9a662d5,2026-05-27T07:21:07.851371+00:00,2265,2799820,FSA DRIVING,September 2026,Unpriced (Coming Soon),https://store.steampowered.com/app/2799820/FSA_DRIVING/,91,15,https://store.steampowered.com/search/?filter=popularwishlist&ignore_preferences=1&page=91,,,,win,
3cedf3b2-306f-4b5f-9ad0-4e3fd9a662d5,2026-05-27T07:21:07.851371+00:00,2266,2592230,Spectra,To be announced,Unpriced (Coming Soon),https://store.steampowered.com/app/2592230/Spectra/,91,16,https://store.steampowered.com/search/?filter=popularwishlist&ignore_preferences=1&page=91,,,,win,
3cedf3b2-306f-4b5f-9ad0-4e3fd9a662d5,2026-05-27T07:21:07.851371+00:00,2267,2244780,Abyss World : Apocalypse,To be announced,Free,https://store.steampowered.com/app/2244780/Abyss_World__Apocalypse/,91,17,https://store.steampowered.com/search/?filter=popularwishlist&ignore_preferences=1&page=91,,,,win,
3cedf3b2-306f-4b5f-9ad0-4e3fd9a662d5,2026-05-27T07:21:07.851371+00:00,2268,1949610,Luminous Nights,2027,Free,https://store.steampowered.com/app/1949610/Luminous_Nights/,91,18,https://store.steampowered.com/search/?filter=popularwishlist&ignore_preferences=1&page=91,,,,win,
3cedf3b2-306f-4b5f-9ad0-4e3fd9a662d5,2026-05-27T07:21:07.851371+00:00,2269,3925750,Generic Fighter Maybe,Coming soon,Free,https://store.steampowered.com/app/3925750/Generic_Fighter_Maybe/,91,19,https://store.steampowered.com/search/?filter=popularwishlist&ignore_preferences=1&page=91,,,,win,
3cedf3b2-306f-4b5f-9ad0-4e3fd9a662d5,2026-05-27T07:21:07.851371+00:00,2270,4030970,大千世界2 The Stupendous World,2026,Unpriced (Coming Soon),https://store.steampowered.com/app/4030970/2_The_Stupendous_World/,91,20,https://store.steampowered.com/search/?filter=popularwishlist&ignore_preferences=1&page=91,,,,win,
3cedf3b2-306f-4b5f-9ad0-4e3fd9a662d5,2026-05-27T07:21:07.851371+00:00,2271,4030360,Undertaker,Q4 2026,Unpriced (Coming Soon),https://store.steampowered.com/app/4030360/Undertaker/,91,21,https://store.steampowered.com/search/?filter=popularwishlist&ignore_preferences=1&page=91,,,,win,
3cedf3b2-306f-4b5f-9ad0-4e3fd9a662d5,2026-05-27T07:21:07.851371+00:00,2272,3853110,Crusaders Quest : MergeChess,Coming soon,Free,https://store.steampowered.com/app/3853110/Crusaders_Quest__MergeChess/,91,22,https://store.steampowered.com/search/?filter=popularwishlist&ignore_preferences=1&page=91,,,,"win,mac",
3cedf3b2-306f-4b5f-9ad0-4e3fd9a662d5,2026-05-27T07:21:07.851371+00:00,2273,2145090,Combustion,Coming soon,Free,https://store.steampowered.com/app/2145090/Combustion/,91,23,https://store.steampowered.com/search/?filter=popularwishlist&ignore_preferences=1&page=91,,,,win,
3cedf3b2-306f-4b5f-9ad0-4e3fd9a662d5,2026-05-27T07:21:07.851371+00:00,2274,1997330,OMUT,To be announced,Unpriced (Coming Soon),https://store.steampowered.com/app/1997330/OMUT/,91,24,https://store.steampowered.com/search/?filter=popularwishlist&ignore_preferences=1&page=91,,,,win,
3cedf3b2-306f-4b5f-9ad0-4e3fd9a662d5,2026-05-27T07:21:07.851371+00:00,2275,3561930,Liquid Lungs,2027,Free,https://store.steampowered.com/app/3561930/Liquid_Lungs/,91,25,https://store.steampowered.com/search/?filter=popularwishlist&ignore_preferences=1&page=91,,,,win,
3cedf3b2-306f-4b5f-9ad0-4e3fd9a662d5,2026-05-27T07:21:07.851371+00:00,2276,4341060,Songs of Conquest - Yulan,"Jun 4, 2026",Unpriced (Coming Soon),https://store.steampowered.com/app/4341060/Songs_of_Conquest__Yulan/,92,1,https://store.steampowered.com/search/?filter=popularwishlist&ignore_preferences=1&page=92,,,,"win,mac",
3cedf3b2-306f-4b5f-9ad0-4e3fd9a662d5,2026-05-27T07:21:07.851371+00:00,2277,1362620,Camper Renovator,To be announced,Unpriced (Coming Soon),https://store.steampowered.com/app/1362620/Camper_Renovator/,92,2,https://store.steampowered.com/search/?filter=popularwishlist&ignore_preferences=1&page=92,,,,win,
3cedf3b2-306f-4b5f-9ad0-4e3fd9a662d5,2026-05-27T07:21:07.851371+00:00,2278,3708070,Campsite Hustle! - Management Simulator,"Jun 2, 2026",Unpriced (Coming Soon),https://store.steampowered.com/app/3708070/Campsite_Hustle__Management_Simulator/,92,3,https://store.steampowered.com/search/?filter=popularwishlist&ignore_preferences=1&page=92,,,,win,
3cedf3b2-306f-4b5f-9ad0-4e3fd9a662d5,2026-05-27T07:21:07.851371+00:00,2279,4213930,Salty Dogs,Coming soon,Free,https://store.steampowered.com/app/4213930/Salty_Dogs/,92,4,https://store.steampowered.com/search/?filter=popularwishlist&ignore_preferences=1&page=92,,,,win,
3cedf3b2-306f-4b5f-9ad0-4e3fd9a662d5,2026-05-27T07:21:07.851371+00:00,2280,3015360,Shiba Sweet,Coming soon,Free,https://store.steampowered.com/app/3015360/Shiba_Sweet/,92,5,https://store.steampowered.com/search/?filter=popularwishlist&ignore_preferences=1&page=92,,,,"win,linux",
3cedf3b2-306f-4b5f-9ad0-4e3fd9a662d5,2026-05-27T07:21:07.851371+00:00,2281,1754250,We Took That Trip,Coming soon,Free,https://store.steampowered.com/app/1754250/We_Took_That_Trip/,92,6,https://store.steampowered.com/search/?filter=popularwishlist&ignore_preferences=1&page=92,,,,win,
3cedf3b2-306f-4b5f-9ad0-4e3fd9a662d5,2026-05-27T07:21:07.851371+00:00,2282,3938440,Twinkle’s Galactic Tour,To be announced,Unpriced (Coming Soon),https://store.steampowered.com/app/3938440/Twinkles_Galactic_Tour/,92,7,https://store.steampowered.com/search/?filter=popularwishlist&ignore_preferences=1&page=92,,,,win,
3cedf3b2-306f-4b5f-9ad0-4e3fd9a662d5,2026-05-27T07:21:07.851371+00:00,2283,1784650,BOSS FIGHTERS,Coming soon,Free,https://store.steampowered.com/app/1784650/BOSS_FIGHTERS/,92,8,https://store.steampowered.com/search/?filter=popularwishlist&ignore_preferences=1&page=92,,,,"win,group_separator",
3cedf3b2-306f-4b5f-9ad0-4e3fd9a662d5,2026-05-27T07:21:07.851371+00:00,2284,4168190,Crimson Banner: War of Liberation,Q3 2026,Unpriced (Coming Soon),https://store.steampowered.com/app/4168190/Crimson_Banner_War_of_Liberation/,92,9,https://store.steampowered.com/search/?filter=popularwishlist&ignore_preferences=1&page=92,,,,"win,mac",
3cedf3b2-306f-4b5f-9ad0-4e3fd9a662d5,2026-05-27T07:21:07.851371+00:00,2285,3798840,Reytrieve Odyssey,To be announced,Unpriced (Coming Soon),https://store.steampowered.com/app/3798840/Reytrieve_Odyssey/,92,10,https://store.steampowered.com/search/?filter=popularwishlist&ignore_preferences=1&page=92,,,,win,
3cedf3b2-306f-4b5f-9ad0-4e3fd9a662d5,2026-05-27T07:21:07.851371+00:00,2286,2974510,Lie of Caelum: Spirit,Coming soon,Free,https://store.steampowered.com/app/2974510/Lie_of_Caelum_Spirit/,92,11,https://store.steampowered.com/search/?filter=popularwishlist&ignore_preferences=1&page=92,,,,win,
3cedf3b2-306f-4b5f-9ad0-4e3fd9a662d5,2026-05-27T07:21:07.851371+00:00,2287,1155850,Lost Viking: Kingdom of Women,2026,Unpriced (Coming Soon),https://store.steampowered.com/app/1155850/Lost_Viking_Kingdom_of_Women/,92,12,https://store.steampowered.com/search/?filter=popularwishlist&ignore_preferences=1&page=92,,,,win,
3cedf3b2-306f-4b5f-9ad0-4e3fd9a662d5,2026-05-27T07:21:07.851371+00:00,2288,1725710,Demi and the Fractured Dream,2026,Unpriced (Coming Soon),https://store.steampowered.com/app/1725710/Demi_and_the_Fractured_Dream/,92,13,https://store.steampowered.com/search/?filter=popularwishlist&ignore_preferences=1&page=92,,,,win,
3cedf3b2-306f-4b5f-9ad0-4e3fd9a662d5,2026-05-27T07:21:07.851371+00:00,2289,2682980,The Bunny Graveyard II,To be announced,Unpriced (Coming Soon),https://store.steampowered.com/app/2682980/The_Bunny_Graveyard_II/,92,14,https://store.steampowered.com/search/?filter=popularwishlist&ignore_preferences=1&page=92,,,,win,
3cedf3b2-306f-4b5f-9ad0-4e3fd9a662d5,2026-05-27T07:21:07.851371+00:00,2290,3002610,Pebbles Quest,2026,Unpriced (Coming Soon),https://store.steampowered.com/app/3002610/Pebbles_Quest/,92,15,https://store.steampowered.com/search/?filter=popularwishlist&ignore_preferences=1&page=92,,,,win,
3cedf3b2-306f-4b5f-9ad0-4e3fd9a662d5,2026-05-27T07:21:07.851371+00:00,2291,3907830,Car Crime Simulator,Q1 2027,Free,https://store.steampowered.com/app/3907830/Car_Crime_Simulator/,92,16,https://store.steampowered.com/search/?filter=popularwishlist&ignore_preferences=1&page=92,,,,win,
3cedf3b2-306f-4b5f-9ad0-4e3fd9a662d5,2026-05-27T07:21:07.851371+00:00,2292,1833210,Astromine,2026,Unpriced (Coming Soon),https://store.steampowered.com/app/1833210/Astromine/,92,17,https://store.steampowered.com/search/?filter=popularwishlist&ignore_preferences=1&page=92,,,,win,
3cedf3b2-306f-4b5f-9ad0-4e3fd9a662d5,2026-05-27T07:21:07.851371+00:00,2293,2105070,Another Space Opera - Episode 1: The Wake of The Giant,Coming soon,Free,https://store.steampowered.com/app/2105070/Another_Space_Opera__Episode_1_The_Wake_of_The_Giant/,92,18,https://store.steampowered.com/search/?filter=popularwishlist&ignore_preferences=1&page=92,,,,win,
3cedf3b2-306f-4b5f-9ad0-4e3fd9a662d5,2026-05-27T07:21:07.851371+00:00,2294,287820,Silent Escape: Induction,Coming soon,Free,https://store.steampowered.com/app/287820/Silent_Escape_Induction/,92,19,https://store.steampowered.com/search/?filter=popularwishlist&ignore_preferences=1&page=92,,,,win,
3cedf3b2-306f-4b5f-9ad0-4e3fd9a662d5,2026-05-27T07:21:07.851371+00:00,2295,2789170,Bernband,To be announced,Unpriced (Coming Soon),https://store.steampowered.com/app/2789170/Bernband/,92,20,https://store.steampowered.com/search/?filter=popularwishlist&ignore_preferences=1&page=92,,,,"win,mac",
3cedf3b2-306f-4b5f-9ad0-4e3fd9a662d5,2026-05-27T07:21:07.851371+00:00,2296,2363160,Haphazard Angel,To be announced,Unpriced (Coming Soon),https://store.steampowered.com/app/2363160/Haphazard_Angel/,92,21,https://store.steampowered.com/search/?filter=popularwishlist&ignore_preferences=1&page=92,,,,win,
3cedf3b2-306f-4b5f-9ad0-4e3fd9a662d5,2026-05-27T07:21:07.851371+00:00,2297,3869940,War of Banners,Q3 2026,Unpriced (Coming Soon),https://store.steampowered.com/app/3869940/War_of_Banners/,92,22,https://store.steampowered.com/search/?filter=popularwishlist&ignore_preferences=1&page=92,,,,win,
3cedf3b2-306f-4b5f-9ad0-4e3fd9a662d5,2026-05-27T07:21:07.851371+00:00,2298,4412000,Zad Archery,2026,Unpriced (Coming Soon),https://store.steampowered.com/app/4412000/Zad_Archery/,92,23,https://store.steampowered.com/search/?filter=popularwishlist&ignore_preferences=1&page=92,,,,"win,mac,linux",
3cedf3b2-306f-4b5f-9ad0-4e3fd9a662d5,2026-05-27T07:21:07.851371+00:00,2299,3334170,Tales of Tuscany,2026,Unpriced (Coming Soon),https://store.steampowered.com/app/3334170/Tales_of_Tuscany/,92,24,https://store.steampowered.com/search/?filter=popularwishlist&ignore_preferences=1&page=92,,,,win,
3cedf3b2-306f-4b5f-9ad0-4e3fd9a662d5,2026-05-27T07:21:07.851371+00:00,2300,3919400,黄莓C HuangmeiC,Coming soon,Free,https://store.steampowered.com/app/3919400/C_HuangmeiC/,92,25,https://store.steampowered.com/search/?filter=popularwishlist&ignore_preferences=1&page=92,,,,win,
3cedf3b2-306f-4b5f-9ad0-4e3fd9a662d5,2026-05-27T07:21:07.851371+00:00,2301,1485640,The Day After,To be announced,Unpriced (Coming Soon),https://store.steampowered.com/app/1485640/The_Day_After/,93,1,https://store.steampowered.com/search/?filter=popularwishlist&ignore_preferences=1&page=93,,,,win,
3cedf3b2-306f-4b5f-9ad0-4e3fd9a662d5,2026-05-27T07:21:07.851371+00:00,2302,4089520,Bronzebeard's Tavern 2,To be announced,Unpriced (Coming Soon),https://store.steampowered.com/app/4089520/Bronzebeards_Tavern_2/,93,2,https://store.steampowered.com/search/?filter=popularwishlist&ignore_preferences=1&page=93,,,,win,
3cedf3b2-306f-4b5f-9ad0-4e3fd9a662d5,2026-05-27T07:21:07.851371+00:00,2303,3252240,Mircea,To be announced,Unpriced (Coming Soon),https://store.steampowered.com/app/3252240/Mircea/,93,3,https://store.steampowered.com/search/?filter=popularwishlist&ignore_preferences=1&page=93,,,,win,
3cedf3b2-306f-4b5f-9ad0-4e3fd9a662d5,2026-05-27T07:21:07.851371+00:00,2304,2349840,MOBA Esport Manager 25,Coming soon,Free,https://store.steampowered.com/app/2349840/MOBA_Esport_Manager_25/,93,4,https://store.steampowered.com/search/?filter=popularwishlist&ignore_preferences=1&page=93,,,,win,
3cedf3b2-306f-4b5f-9ad0-4e3fd9a662d5,2026-05-27T07:21:07.851371+00:00,2305,2284840,Across the Wilds,Coming soon,Free,https://store.steampowered.com/app/2284840/Across_the_Wilds/,93,5,https://store.steampowered.com/search/?filter=popularwishlist&ignore_preferences=1&page=93,,,,win,
3cedf3b2-306f-4b5f-9ad0-4e3fd9a662d5,2026-05-27T07:21:07.851371+00:00,2306,4418500,Fangstorm,To be announced,Unpriced (Coming Soon),https://store.steampowered.com/app/4418500/Fangstorm/,93,6,https://store.steampowered.com/search/?filter=popularwishlist&ignore_preferences=1&page=93,,,,win,
3cedf3b2-306f-4b5f-9ad0-4e3fd9a662d5,2026-05-27T07:21:07.851371+00:00,2307,4098230,Flats Full of Cats,2026,Free,https://store.steampowered.com/app/4098230/Flats_Full_of_Cats/,93,7,https://store.steampowered.com/search/?filter=popularwishlist&ignore_preferences=1&page=93,,,,"win,linux",
3cedf3b2-306f-4b5f-9ad0-4e3fd9a662d5,2026-05-27T07:21:07.851371+00:00,2308,3572800,Duo Quest,2026,Unpriced (Coming Soon),https://store.steampowered.com/app/3572800/Duo_Quest/,93,8,https://store.steampowered.com/search/?filter=popularwishlist&ignore_preferences=1&page=93,,,,win,
3cedf3b2-306f-4b5f-9ad0-4e3fd9a662d5,2026-05-27T07:21:07.851371+00:00,2309,1765920,Gimle: The Broken Prophecy,Coming soon,Free,https://store.steampowered.com/app/1765920/Gimle_The_Broken_Prophecy/,93,9,https://store.steampowered.com/search/?filter=popularwishlist&ignore_preferences=1&page=93,,,,win,
3cedf3b2-306f-4b5f-9ad0-4e3fd9a662d5,2026-05-27T07:21:07.851371+00:00,2310,2838030,Witherbloom,To be announced,Unpriced (Coming Soon),https://store.steampowered.com/app/2838030/Witherbloom/,93,10,https://store.steampowered.com/search/?filter=popularwishlist&ignore_preferences=1&page=93,,,,win,
3cedf3b2-306f-4b5f-9ad0-4e3fd9a662d5,2026-05-27T07:21:07.851371+00:00,2311,4465980,The Declutterers : No Dumpster Left Empty,Q2 2026,Free,https://store.steampowered.com/app/4465980/The_Declutterers__No_Dumpster_Left_Empty/,93,11,https://store.steampowered.com/search/?filter=popularwishlist&ignore_preferences=1&page=93,,,,win,
3cedf3b2-306f-4b5f-9ad0-4e3fd9a662d5,2026-05-27T07:21:07.851371+00:00,2312,487500,fault - SILENCE THE PEDANT,To be announced,Unpriced (Coming Soon),https://store.steampowered.com/app/487500/fault__SILENCE_THE_PEDANT/,93,12,https://store.steampowered.com/search/?filter=popularwishlist&ignore_preferences=1&page=93,,,,"win,mac,linux",
3cedf3b2-306f-4b5f-9ad0-4e3fd9a662d5,2026-05-27T07:21:07.851371+00:00,2313,668900,Murder Miners X,To be announced,Unpriced (Coming Soon),https://store.steampowered.com/app/668900/Murder_Miners_X/,93,13,https://store.steampowered.com/search/?filter=popularwishlist&ignore_preferences=1&page=93,,,,win,
3cedf3b2-306f-4b5f-9ad0-4e3fd9a662d5,2026-05-27T07:21:07.851371+00:00,2314,3003430,TINY METAL 2,To be announced,Unpriced (Coming Soon),https://store.steampowered.com/app/3003430/TINY_METAL_2/,93,14,https://store.steampowered.com/search/?filter=popularwishlist&ignore_preferences=1&page=93,,,,win,
3cedf3b2-306f-4b5f-9ad0-4e3fd9a662d5,2026-05-27T07:21:07.851371+00:00,2315,4252700,Archon Soul,Q3 2026,Unpriced (Coming Soon),https://store.steampowered.com/app/4252700/Archon_Soul/,93,15,https://store.steampowered.com/search/?filter=popularwishlist&ignore_preferences=1&page=93,,,,win,
3cedf3b2-306f-4b5f-9ad0-4e3fd9a662d5,2026-05-27T07:21:07.851371+00:00,2316,1439270,Full Circle,To be announced,Unpriced (Coming Soon),https://store.steampowered.com/app/1439270/Full_Circle/,93,16,https://store.steampowered.com/search/?filter=popularwishlist&ignore_preferences=1&page=93,,,,win,
3cedf3b2-306f-4b5f-9ad0-4e3fd9a662d5,2026-05-27T07:21:07.851371+00:00,2317,3846900,Sword Sage: Awakening,Coming soon,Free,https://store.steampowered.com/app/3846900/Sword_Sage_Awakening/,93,17,https://store.steampowered.com/search/?filter=popularwishlist&ignore_preferences=1&page=93,,,,win,
3cedf3b2-306f-4b5f-9ad0-4e3fd9a662d5,2026-05-27T07:21:07.851371+00:00,2318,4031300,WORLD WAR V: LAST CALL,Q3 2026,Unpriced (Coming Soon),https://store.steampowered.com/app/4031300/WORLD_WAR_V_LAST_CALL/,93,18,https://store.steampowered.com/search/?filter=popularwishlist&ignore_preferences=1&page=93,,,,win,
3cedf3b2-306f-4b5f-9ad0-4e3fd9a662d5,2026-05-27T07:21:07.851371+00:00,2319,2820270,Weeny Wise,Q2 2026,Unpriced (Coming Soon),https://store.steampowered.com/app/2820270/Weeny_Wise/,93,19,https://store.steampowered.com/search/?filter=popularwishlist&ignore_preferences=1&page=93,,,,win,
3cedf3b2-306f-4b5f-9ad0-4e3fd9a662d5,2026-05-27T07:21:07.851371+00:00,2320,3357050,Cozy,2026,Free,https://store.steampowered.com/app/3357050/Cozy/,93,20,https://store.steampowered.com/search/?filter=popularwishlist&ignore_preferences=1&page=93,,,,win,
3cedf3b2-306f-4b5f-9ad0-4e3fd9a662d5,2026-05-27T07:21:07.851371+00:00,2321,3202220,Aldian of Ancients,To be announced,Unpriced (Coming Soon),https://store.steampowered.com/app/3202220/Aldian_of_Ancients/,93,21,https://store.steampowered.com/search/?filter=popularwishlist&ignore_preferences=1&page=93,,,,win,
3cedf3b2-306f-4b5f-9ad0-4e3fd9a662d5,2026-05-27T07:21:07.851371+00:00,2322,3387300,Lost Ruins of Arnak,To be announced,Unpriced (Coming Soon),https://store.steampowered.com/app/3387300/Lost_Ruins_of_Arnak/,93,22,https://store.steampowered.com/search/?filter=popularwishlist&ignore_preferences=1&page=93,,,,"win,mac",
3cedf3b2-306f-4b5f-9ad0-4e3fd9a662d5,2026-05-27T07:21:07.851371+00:00,2323,3971650,Lazy Witch's Factory,Q3 2026,Unpriced (Coming Soon),https://store.steampowered.com/app/3971650/Lazy_Witchs_Factory/,93,23,https://store.steampowered.com/search/?filter=popularwishlist&ignore_preferences=1&page=93,,,,win,
3cedf3b2-306f-4b5f-9ad0-4e3fd9a662d5,2026-05-27T07:21:07.851371+00:00,2324,1931930,Wrekless™,Coming soon,Free,https://store.steampowered.com/app/1931930/Wrekless/,93,24,https://store.steampowered.com/search/?filter=popularwishlist&ignore_preferences=1&page=93,,,,win,
3cedf3b2-306f-4b5f-9ad0-4e3fd9a662d5,2026-05-27T07:21:07.851371+00:00,2325,1070500,He Who Watches,Coming soon,Free,https://store.steampowered.com/app/1070500/He_Who_Watches/,93,25,https://store.steampowered.com/search/?filter=popularwishlist&ignore_preferences=1&page=93,,,,"win,mac,linux",
3cedf3b2-306f-4b5f-9ad0-4e3fd9a662d5,2026-05-27T07:21:07.851371+00:00,2326,3128360,Touhou Akis' Farm,To be announced,Unpriced (Coming Soon),https://store.steampowered.com/app/3128360/Touhou_Akis_Farm/,94,1,https://store.steampowered.com/search/?filter=popularwishlist&ignore_preferences=1&page=94,,,,win,
3cedf3b2-306f-4b5f-9ad0-4e3fd9a662d5,2026-05-27T07:21:07.851371+00:00,2327,2197240,Exiler,Coming soon,Free,https://store.steampowered.com/app/2197240/Exiler/,94,2,https://store.steampowered.com/search/?filter=popularwishlist&ignore_preferences=1&page=94,,,,win,
3cedf3b2-306f-4b5f-9ad0-4e3fd9a662d5,2026-05-27T07:21:07.851371+00:00,2328,3309160,Chronocracy,Coming soon,Free,https://store.steampowered.com/app/3309160/Chronocracy/,94,3,https://store.steampowered.com/search/?filter=popularwishlist&ignore_preferences=1&page=94,,,,win,
3cedf3b2-306f-4b5f-9ad0-4e3fd9a662d5,2026-05-27T07:21:07.851371+00:00,2329,2121640,The War in Chiapas,Coming soon,Free,https://store.steampowered.com/app/2121640/The_War_in_Chiapas/,94,4,https://store.steampowered.com/search/?filter=popularwishlist&ignore_preferences=1&page=94,,,,win,
3cedf3b2-306f-4b5f-9ad0-4e3fd9a662d5,2026-05-27T07:21:07.851371+00:00,2330,3258590,Void Dungeon,Q3 2026,Unpriced (Coming Soon),https://store.steampowered.com/app/3258590/Void_Dungeon/,94,5,https://store.steampowered.com/search/?filter=popularwishlist&ignore_preferences=1&page=94,,,,win,
3cedf3b2-306f-4b5f-9ad0-4e3fd9a662d5,2026-05-27T07:21:07.851371+00:00,2331,3019200,Little Herbal Baker,Coming soon,Free,https://store.steampowered.com/app/3019200/Little_Herbal_Baker/,94,6,https://store.steampowered.com/search/?filter=popularwishlist&ignore_preferences=1&page=94,,,,win,
3cedf3b2-306f-4b5f-9ad0-4e3fd9a662d5,2026-05-27T07:21:07.851371+00:00,2332,3520410,10hit,2026,Unpriced (Coming Soon),https://store.steampowered.com/app/3520410/10hit/,94,7,https://store.steampowered.com/search/?filter=popularwishlist&ignore_preferences=1&page=94,,,,win,
3cedf3b2-306f-4b5f-9ad0-4e3fd9a662d5,2026-05-27T07:21:07.851371+00:00,2333,2706790,Quantic River,To be announced,Unpriced (Coming Soon),https://store.steampowered.com/app/2706790/Quantic_River/,94,8,https://store.steampowered.com/search/?filter=popularwishlist&ignore_preferences=1&page=94,,,,win,
3cedf3b2-306f-4b5f-9ad0-4e3fd9a662d5,2026-05-27T07:21:07.851371+00:00,2334,2560210,Astromeda,To be announced,Unpriced (Coming Soon),https://store.steampowered.com/app/2560210/Astromeda/,94,9,https://store.steampowered.com/search/?filter=popularwishlist&ignore_preferences=1&page=94,,,,"win,mac,linux",
3cedf3b2-306f-4b5f-9ad0-4e3fd9a662d5,2026-05-27T07:21:07.851371+00:00,2335,1464330,I am Your Lawyer,To be announced,Unpriced (Coming Soon),https://store.steampowered.com/app/1464330/I_am_Your_Lawyer/,94,10,https://store.steampowered.com/search/?filter=popularwishlist&ignore_preferences=1&page=94,,,,win,
3cedf3b2-306f-4b5f-9ad0-4e3fd9a662d5,2026-05-27T07:21:07.851371+00:00,2336,3219140,Hobby Horse,"Jun 2, 2026",Unpriced (Coming Soon),https://store.steampowered.com/app/3219140/Hobby_Horse/,94,11,https://store.steampowered.com/search/?filter=popularwishlist&ignore_preferences=1&page=94,,,,win,
3cedf3b2-306f-4b5f-9ad0-4e3fd9a662d5,2026-05-27T07:21:07.851371+00:00,2337,1388270,Effigy,To be announced,Unpriced (Coming Soon),https://store.steampowered.com/app/1388270/Effigy/,94,12,https://store.steampowered.com/search/?filter=popularwishlist&ignore_preferences=1&page=94,,,,win,
3cedf3b2-306f-4b5f-9ad0-4e3fd9a662d5,2026-05-27T07:21:07.851371+00:00,2338,2105260,Pizza Kidd,Coming soon,Free,https://store.steampowered.com/app/2105260/Pizza_Kidd/,94,13,https://store.steampowered.com/search/?filter=popularwishlist&ignore_preferences=1&page=94,,,,"win,linux",
3cedf3b2-306f-4b5f-9ad0-4e3fd9a662d5,2026-05-27T07:21:07.851371+00:00,2339,4298700,Escape By Spoon,Coming soon,Free,https://store.steampowered.com/app/4298700/Escape_By_Spoon/,94,14,https://store.steampowered.com/search/?filter=popularwishlist&ignore_preferences=1&page=94,,,,win,
3cedf3b2-306f-4b5f-9ad0-4e3fd9a662d5,2026-05-27T07:21:07.851371+00:00,2340,2791970,Delivery Driver Service,To be announced,Unpriced (Coming Soon),https://store.steampowered.com/app/2791970/Delivery_Driver_Service/,94,15,https://store.steampowered.com/search/?filter=popularwishlist&ignore_preferences=1&page=94,,,,win,
3cedf3b2-306f-4b5f-9ad0-4e3fd9a662d5,2026-05-27T07:21:07.851371+00:00,2341,2438110,Emergency Room Simulator,To be announced,Unpriced (Coming Soon),https://store.steampowered.com/app/2438110/Emergency_Room_Simulator/,94,16,https://store.steampowered.com/search/?filter=popularwishlist&ignore_preferences=1&page=94,,,,win,
3cedf3b2-306f-4b5f-9ad0-4e3fd9a662d5,2026-05-27T07:21:07.851371+00:00,2342,4138920,Aliya: Timelink2 Dawn,2026,Unpriced (Coming Soon),https://store.steampowered.com/app/4138920/Aliya_Timelink2_Dawn/,94,17,https://store.steampowered.com/search/?filter=popularwishlist&ignore_preferences=1&page=94,,,,win,
3cedf3b2-306f-4b5f-9ad0-4e3fd9a662d5,2026-05-27T07:21:07.851371+00:00,2343,1798110,Drug Lord Simulator,Coming soon,Free,https://store.steampowered.com/app/1798110/Drug_Lord_Simulator/,94,18,https://store.steampowered.com/search/?filter=popularwishlist&ignore_preferences=1&page=94,,,,win,
3cedf3b2-306f-4b5f-9ad0-4e3fd9a662d5,2026-05-27T07:21:07.851371+00:00,2344,2136340,KAKURIYO,Coming soon,Free,https://store.steampowered.com/app/2136340/KAKURIYO/,94,19,https://store.steampowered.com/search/?filter=popularwishlist&ignore_preferences=1&page=94,,,,win,
3cedf3b2-306f-4b5f-9ad0-4e3fd9a662d5,2026-05-27T07:21:07.851371+00:00,2345,4218720,OUTHATCHED,Coming soon,Free,https://store.steampowered.com/app/4218720/OUTHATCHED/,94,20,https://store.steampowered.com/search/?filter=popularwishlist&ignore_preferences=1&page=94,,,,win,
3cedf3b2-306f-4b5f-9ad0-4e3fd9a662d5,2026-05-27T07:21:07.851371+00:00,2346,3429280,ATOM RPG 2,To be announced,Unpriced (Coming Soon),https://store.steampowered.com/app/3429280/ATOM_RPG_2/,94,21,https://store.steampowered.com/search/?filter=popularwishlist&ignore_preferences=1&page=94,,,,"win,mac,linux",
3cedf3b2-306f-4b5f-9ad0-4e3fd9a662d5,2026-05-27T07:21:07.851371+00:00,2347,2024400,Rygrad,Coming soon,Free,https://store.steampowered.com/app/2024400/Rygrad/,94,22,https://store.steampowered.com/search/?filter=popularwishlist&ignore_preferences=1&page=94,,,,win,
3cedf3b2-306f-4b5f-9ad0-4e3fd9a662d5,2026-05-27T07:21:07.851371+00:00,2348,4113050,Wabisabi SushiDerby,"Jul 15, 2026",Unpriced (Coming Soon),https://store.steampowered.com/app/4113050/Wabisabi_SushiDerby/,94,23,https://store.steampowered.com/search/?filter=popularwishlist&ignore_preferences=1&page=94,,,,win,
3cedf3b2-306f-4b5f-9ad0-4e3fd9a662d5,2026-05-27T07:21:07.851371+00:00,2349,3275400,PATLABOR the Case Files,Coming soon,Free,https://store.steampowered.com/app/3275400/PATLABOR_the_Case_Files/,94,24,https://store.steampowered.com/search/?filter=popularwishlist&ignore_preferences=1&page=94,,,,win,
3cedf3b2-306f-4b5f-9ad0-4e3fd9a662d5,2026-05-27T07:21:07.851371+00:00,2350,3981460,Total Tank Simulator 2,Q4 2026,Unpriced (Coming Soon),https://store.steampowered.com/app/3981460/Total_Tank_Simulator_2/,94,25,https://store.steampowered.com/search/?filter=popularwishlist&ignore_preferences=1&page=94,,,,win,
3cedf3b2-306f-4b5f-9ad0-4e3fd9a662d5,2026-05-27T07:21:07.851371+00:00,2351,2095970,Voice.ai Live Voice Changer,Coming soon,Free,https://store.steampowered.com/app/2095970/Voiceai_Live_Voice_Changer/,95,1,https://store.steampowered.com/search/?filter=popularwishlist&ignore_preferences=1&page=95,,,,win,
3cedf3b2-306f-4b5f-9ad0-4e3fd9a662d5,2026-05-27T07:21:07.851371+00:00,2352,2706660,Dragon survival,2026,Unpriced (Coming Soon),https://store.steampowered.com/app/2706660/Dragon_survival/,95,2,https://store.steampowered.com/search/?filter=popularwishlist&ignore_preferences=1&page=95,,,,win,
3cedf3b2-306f-4b5f-9ad0-4e3fd9a662d5,2026-05-27T07:21:07.851371+00:00,2353,2287370,Anima Song from the Abyss,Coming soon,Free,https://store.steampowered.com/app/2287370/Anima_Song_from_the_Abyss/,95,3,https://store.steampowered.com/search/?filter=popularwishlist&ignore_preferences=1&page=95,,,,win,
3cedf3b2-306f-4b5f-9ad0-4e3fd9a662d5,2026-05-27T07:21:07.851371+00:00,2354,706680,Brave Earth: Prologue,To be announced,Unpriced (Coming Soon),https://store.steampowered.com/app/706680/Brave_Earth_Prologue/,95,4,https://store.steampowered.com/search/?filter=popularwishlist&ignore_preferences=1&page=95,,,,win,
3cedf3b2-306f-4b5f-9ad0-4e3fd9a662d5,2026-05-27T07:21:07.851371+00:00,2355,2438180,Doggy Don't Care,Coming soon,Free,https://store.steampowered.com/app/2438180/Doggy_Dont_Care/,95,5,https://store.steampowered.com/search/?filter=popularwishlist&ignore_preferences=1&page=95,,,,win,
3cedf3b2-306f-4b5f-9ad0-4e3fd9a662d5,2026-05-27T07:21:07.851371+00:00,2356,3100970,Isle of Reveries,September 2026,Unpriced (Coming Soon),https://store.steampowered.com/app/3100970/Isle_of_Reveries/,95,6,https://store.steampowered.com/search/?filter=popularwishlist&ignore_preferences=1&page=95,,,,"win,linux",
3cedf3b2-306f-4b5f-9ad0-4e3fd9a662d5,2026-05-27T07:21:07.851371+00:00,2357,4124320,Silent Road,Coming soon,Free,https://store.steampowered.com/app/4124320/Silent_Road/,95,7,https://store.steampowered.com/search/?filter=popularwishlist&ignore_preferences=1&page=95,,,,win,
3cedf3b2-306f-4b5f-9ad0-4e3fd9a662d5,2026-05-27T07:21:07.851371+00:00,2358,2778110,Project ZETA,Coming soon,Free,https://store.steampowered.com/app/2778110/Project_ZETA/,95,8,https://store.steampowered.com/search/?filter=popularwishlist&ignore_preferences=1&page=95,,,,win,
3cedf3b2-306f-4b5f-9ad0-4e3fd9a662d5,2026-05-27T07:21:07.851371+00:00,2359,672890,Sparkball,Q2 2026,Free,https://store.steampowered.com/app/672890/Sparkball/,95,9,https://store.steampowered.com/search/?filter=popularwishlist&ignore_preferences=1&page=95,,,,win,
3cedf3b2-306f-4b5f-9ad0-4e3fd9a662d5,2026-05-27T07:21:07.851371+00:00,2360,4307930,MECH OPS 2092,To be announced,Unpriced (Coming Soon),https://store.steampowered.com/app/4307930/MECH_OPS_2092/,95,10,https://store.steampowered.com/search/?filter=popularwishlist&ignore_preferences=1&page=95,,,,win,
3cedf3b2-306f-4b5f-9ad0-4e3fd9a662d5,2026-05-27T07:21:07.851371+00:00,2361,3606780,Chunky JUMP!,2026,Unpriced (Coming Soon),https://store.steampowered.com/app/3606780/Chunky_JUMP/,95,11,https://store.steampowered.com/search/?filter=popularwishlist&ignore_preferences=1&page=95,,,,win,
3cedf3b2-306f-4b5f-9ad0-4e3fd9a662d5,2026-05-27T07:21:07.851371+00:00,2362,1953770,Soulitaire,To be announced,Unpriced (Coming Soon),https://store.steampowered.com/app/1953770/Soulitaire/,95,12,https://store.steampowered.com/search/?filter=popularwishlist&ignore_preferences=1&page=95,,,,win,
3cedf3b2-306f-4b5f-9ad0-4e3fd9a662d5,2026-05-27T07:21:07.851371+00:00,2363,1015370,eXpanSIM,Coming soon,Free,https://store.steampowered.com/app/1015370/eXpanSIM/,95,13,https://store.steampowered.com/search/?filter=popularwishlist&ignore_preferences=1&page=95,,,,"win,group_separator",
3cedf3b2-306f-4b5f-9ad0-4e3fd9a662d5,2026-05-27T07:21:07.851371+00:00,2364,1418750,Paws and Leaves - A Last Tale,To be announced,Unpriced (Coming Soon),https://store.steampowered.com/app/1418750/Paws_and_Leaves__A_Last_Tale/,95,14,https://store.steampowered.com/search/?filter=popularwishlist&ignore_preferences=1&page=95,,,,win,
3cedf3b2-306f-4b5f-9ad0-4e3fd9a662d5,2026-05-27T07:21:07.851371+00:00,2365,2799910,Illegal Football,Coming soon,Free,https://store.steampowered.com/app/2799910/Illegal_Football/,95,15,https://store.steampowered.com/search/?filter=popularwishlist&ignore_preferences=1&page=95,,,,win,
3cedf3b2-306f-4b5f-9ad0-4e3fd9a662d5,2026-05-27T07:21:07.851371+00:00,2366,2184080,Echo Weaver,To be announced,Unpriced (Coming Soon),https://store.steampowered.com/app/2184080/Echo_Weaver/,95,16,https://store.steampowered.com/search/?filter=popularwishlist&ignore_preferences=1&page=95,,,,"win,mac",
3cedf3b2-306f-4b5f-9ad0-4e3fd9a662d5,2026-05-27T07:21:07.851371+00:00,2367,1174510,Call of Saregnar,To be announced,Unpriced (Coming Soon),https://store.steampowered.com/app/1174510/Call_of_Saregnar/,95,17,https://store.steampowered.com/search/?filter=popularwishlist&ignore_preferences=1&page=95,,,,"win,mac,linux",
3cedf3b2-306f-4b5f-9ad0-4e3fd9a662d5,2026-05-27T07:21:07.851371+00:00,2368,931060,Tormentum II,"Jul 23, 2026",Unpriced (Coming Soon),https://store.steampowered.com/app/931060/Tormentum_II/,95,18,https://store.steampowered.com/search/?filter=popularwishlist&ignore_preferences=1&page=95,,,,"win,mac",
3cedf3b2-306f-4b5f-9ad0-4e3fd9a662d5,2026-05-27T07:21:07.851371+00:00,2369,2898770,Die Trying,To be announced,Unpriced (Coming Soon),https://store.steampowered.com/app/2898770/Die_Trying/,95,19,https://store.steampowered.com/search/?filter=popularwishlist&ignore_preferences=1&page=95,,,,win,
3cedf3b2-306f-4b5f-9ad0-4e3fd9a662d5,2026-05-27T07:21:07.851371+00:00,2370,2543460,Van Helsing: The Lightmaker,To be announced,Unpriced (Coming Soon),https://store.steampowered.com/app/2543460/Van_Helsing_The_Lightmaker/,95,20,https://store.steampowered.com/search/?filter=popularwishlist&ignore_preferences=1&page=95,,,,win,
3cedf3b2-306f-4b5f-9ad0-4e3fd9a662d5,2026-05-27T07:21:07.851371+00:00,2371,4364910,Ruins of Dawn,Coming soon,Free,https://store.steampowered.com/app/4364910/Ruins_of_Dawn/,95,21,https://store.steampowered.com/search/?filter=popularwishlist&ignore_preferences=1&page=95,,,,win,
3cedf3b2-306f-4b5f-9ad0-4e3fd9a662d5,2026-05-27T07:21:07.851371+00:00,2372,3897280,Totopia,Coming soon,Free,https://store.steampowered.com/app/3897280/Totopia/,95,22,https://store.steampowered.com/search/?filter=popularwishlist&ignore_preferences=1&page=95,,,,win,
3cedf3b2-306f-4b5f-9ad0-4e3fd9a662d5,2026-05-27T07:21:07.851371+00:00,2373,2216840,BACKROOMS: NO RETURN,Coming soon,Free,https://store.steampowered.com/app/2216840/BACKROOMS_NO_RETURN/,95,23,https://store.steampowered.com/search/?filter=popularwishlist&ignore_preferences=1&page=95,,,,win,
3cedf3b2-306f-4b5f-9ad0-4e3fd9a662d5,2026-05-27T07:21:07.851371+00:00,2374,2477470,The Chronos Event,Q3 2026,Unpriced (Coming Soon),https://store.steampowered.com/app/2477470/The_Chronos_Event/,95,24,https://store.steampowered.com/search/?filter=popularwishlist&ignore_preferences=1&page=95,,,,win,
3cedf3b2-306f-4b5f-9ad0-4e3fd9a662d5,2026-05-27T07:21:07.851371+00:00,2375,3358590,Prolegomena To a Hyperdimensional Interface That Will Be Able to Manifest From Three-Minute Interchanges,2026,Unpriced (Coming Soon),https://store.steampowered.com/app/3358590/Prolegomena_To_a_Hyperdimensional_Interface_That_Will_Be_Able_to_Manifest_From_ThreeMinute_Interchanges/,95,25,https://store.steampowered.com/search/?filter=popularwishlist&ignore_preferences=1&page=95,,,,"win,mac",
3cedf3b2-306f-4b5f-9ad0-4e3fd9a662d5,2026-05-27T07:21:07.851371+00:00,2376,2607420,Cat Life Simulator,Coming soon,Free,https://store.steampowered.com/app/2607420/Cat_Life_Simulator/,96,1,https://store.steampowered.com/search/?filter=popularwishlist&ignore_preferences=1&page=96,,,,win,
3cedf3b2-306f-4b5f-9ad0-4e3fd9a662d5,2026-05-27T07:21:07.851371+00:00,2377,4287040,Vampy's Big Day,To be announced,Unpriced (Coming Soon),https://store.steampowered.com/app/4287040/Vampys_Big_Day/,96,2,https://store.steampowered.com/search/?filter=popularwishlist&ignore_preferences=1&page=96,,,,"win,linux",
3cedf3b2-306f-4b5f-9ad0-4e3fd9a662d5,2026-05-27T07:21:07.851371+00:00,2378,1445480,Determinant,2026,Unpriced (Coming Soon),https://store.steampowered.com/app/1445480/Determinant/,96,3,https://store.steampowered.com/search/?filter=popularwishlist&ignore_preferences=1&page=96,,,,win,
3cedf3b2-306f-4b5f-9ad0-4e3fd9a662d5,2026-05-27T07:21:07.851371+00:00,2379,1612190,Exodus,To be announced,Unpriced (Coming Soon),https://store.steampowered.com/app/1612190/Exodus/,96,4,https://store.steampowered.com/search/?filter=popularwishlist&ignore_preferences=1&page=96,,,,win,
3cedf3b2-306f-4b5f-9ad0-4e3fd9a662d5,2026-05-27T07:21:07.851371+00:00,2380,3509590,Rogue Stradale,Coming soon,Free,https://store.steampowered.com/app/3509590/Rogue_Stradale/,96,5,https://store.steampowered.com/search/?filter=popularwishlist&ignore_preferences=1&page=96,,,,"win,linux",
3cedf3b2-306f-4b5f-9ad0-4e3fd9a662d5,2026-05-27T07:21:07.851371+00:00,2381,3906360,Everhood Hunters,Coming soon,Free,https://store.steampowered.com/app/3906360/Everhood_Hunters/,96,6,https://store.steampowered.com/search/?filter=popularwishlist&ignore_preferences=1&page=96,,,,win,
3cedf3b2-306f-4b5f-9ad0-4e3fd9a662d5,2026-05-27T07:21:07.851371+00:00,2382,1622110,Zoria and the Cursed Land,To be announced,Unpriced (Coming Soon),https://store.steampowered.com/app/1622110/Zoria_and_the_Cursed_Land/,96,7,https://store.steampowered.com/search/?filter=popularwishlist&ignore_preferences=1&page=96,,,,win,
3cedf3b2-306f-4b5f-9ad0-4e3fd9a662d5,2026-05-27T07:21:07.851371+00:00,2383,3950130,Database Detective: Minor Crimes Division,July 2026,Unpriced (Coming Soon),https://store.steampowered.com/app/3950130/Database_Detective_Minor_Crimes_Division/,96,8,https://store.steampowered.com/search/?filter=popularwishlist&ignore_preferences=1&page=96,,,,"win,mac,linux",
3cedf3b2-306f-4b5f-9ad0-4e3fd9a662d5,2026-05-27T07:21:07.851371+00:00,2384,2584400,Beaten Path,2026,Unpriced (Coming Soon),https://store.steampowered.com/app/2584400/Beaten_Path/,96,9,https://store.steampowered.com/search/?filter=popularwishlist&ignore_preferences=1&page=96,,,,win,
3cedf3b2-306f-4b5f-9ad0-4e3fd9a662d5,2026-05-27T07:21:07.851371+00:00,2385,4421670,The Kingsward,2026,Unpriced (Coming Soon),https://store.steampowered.com/app/4421670/The_Kingsward/,96,10,https://store.steampowered.com/search/?filter=popularwishlist&ignore_preferences=1&page=96,,,,win,
3cedf3b2-306f-4b5f-9ad0-4e3fd9a662d5,2026-05-27T07:21:07.851371+00:00,2386,2755950,Tidebound,2027,Free,https://store.steampowered.com/app/2755950/Tidebound/,96,11,https://store.steampowered.com/search/?filter=popularwishlist&ignore_preferences=1&page=96,,,,"win,mac,linux",
3cedf3b2-306f-4b5f-9ad0-4e3fd9a662d5,2026-05-27T07:21:07.851371+00:00,2387,2071630,ExpressLane: Not a Battle Royale,Coming soon,Free,https://store.steampowered.com/app/2071630/ExpressLane_Not_a_Battle_Royale/,96,12,https://store.steampowered.com/search/?filter=popularwishlist&ignore_preferences=1&page=96,,,,win,
3cedf3b2-306f-4b5f-9ad0-4e3fd9a662d5,2026-05-27T07:21:07.851371+00:00,2388,2659040,M.O.Z.I.,To be announced,Unpriced (Coming Soon),https://store.steampowered.com/app/2659040/MOZI/,96,13,https://store.steampowered.com/search/?filter=popularwishlist&ignore_preferences=1&page=96,,,,win,
3cedf3b2-306f-4b5f-9ad0-4e3fd9a662d5,2026-05-27T07:21:07.851371+00:00,2389,4286120,Photomaly,Coming soon,Free,https://store.steampowered.com/app/4286120/Photomaly/,96,14,https://store.steampowered.com/search/?filter=popularwishlist&ignore_preferences=1&page=96,,,,win,
3cedf3b2-306f-4b5f-9ad0-4e3fd9a662d5,2026-05-27T07:21:07.851371+00:00,2390,3862790,Skate Style,To be announced,Unpriced (Coming Soon),https://store.steampowered.com/app/3862790/Skate_Style/,96,15,https://store.steampowered.com/search/?filter=popularwishlist&ignore_preferences=1&page=96,,,,win,
3cedf3b2-306f-4b5f-9ad0-4e3fd9a662d5,2026-05-27T07:21:07.851371+00:00,2391,1008340,Insect Worlds,Q3 2026,Unpriced (Coming Soon),https://store.steampowered.com/app/1008340/Insect_Worlds/,96,16,https://store.steampowered.com/search/?filter=popularwishlist&ignore_preferences=1&page=96,,,,"win,linux",
3cedf3b2-306f-4b5f-9ad0-4e3fd9a662d5,2026-05-27T07:21:07.851371+00:00,2392,2853290,Free Stars: Children of Infinity,2026,Unpriced (Coming Soon),https://store.steampowered.com/app/2853290/Free_Stars_Children_of_Infinity/,96,17,https://store.steampowered.com/search/?filter=popularwishlist&ignore_preferences=1&page=96,,,,win,
3cedf3b2-306f-4b5f-9ad0-4e3fd9a662d5,2026-05-27T07:21:07.851371+00:00,2393,3248910,Deserter,Q4 2026,Unpriced (Coming Soon),https://store.steampowered.com/app/3248910/Deserter/,96,18,https://store.steampowered.com/search/?filter=popularwishlist&ignore_preferences=1&page=96,,,,win,
3cedf3b2-306f-4b5f-9ad0-4e3fd9a662d5,2026-05-27T07:21:07.851371+00:00,2394,3825600,Culdcept The First,Coming soon,Free,https://store.steampowered.com/app/3825600/Culdcept_The_First/,96,19,https://store.steampowered.com/search/?filter=popularwishlist&ignore_preferences=1&page=96,,,,win,
3cedf3b2-306f-4b5f-9ad0-4e3fd9a662d5,2026-05-27T07:21:07.851371+00:00,2395,3102220,KARANEKO,Coming soon,Free,https://store.steampowered.com/app/3102220/KARANEKO/,96,20,https://store.steampowered.com/search/?filter=popularwishlist&ignore_preferences=1&page=96,,,,win,
3cedf3b2-306f-4b5f-9ad0-4e3fd9a662d5,2026-05-27T07:21:07.851371+00:00,2396,2866330,Astera,To be announced,Free,https://store.steampowered.com/app/2866330/Astera/,96,21,https://store.steampowered.com/search/?filter=popularwishlist&ignore_preferences=1&page=96,,,,win,
3cedf3b2-306f-4b5f-9ad0-4e3fd9a662d5,2026-05-27T07:21:07.851371+00:00,2397,1374320,Regeneration,To be announced,Unpriced (Coming Soon),https://store.steampowered.com/app/1374320/Regeneration/,96,22,https://store.steampowered.com/search/?filter=popularwishlist&ignore_preferences=1&page=96,,,,win,
3cedf3b2-306f-4b5f-9ad0-4e3fd9a662d5,2026-05-27T07:21:07.851371+00:00,2398,3196270,Fishing Shop Simulator,2026,Unpriced (Coming Soon),https://store.steampowered.com/app/3196270/Fishing_Shop_Simulator/,96,23,https://store.steampowered.com/search/?filter=popularwishlist&ignore_preferences=1&page=96,,,,"win,linux",
3cedf3b2-306f-4b5f-9ad0-4e3fd9a662d5,2026-05-27T07:21:07.851371+00:00,2399,1532790,Pizza Empire,Coming soon,Free,https://store.steampowered.com/app/1532790/Pizza_Empire/,96,24,https://store.steampowered.com/search/?filter=popularwishlist&ignore_preferences=1&page=96,,,,win,
3cedf3b2-306f-4b5f-9ad0-4e3fd9a662d5,2026-05-27T07:21:07.851371+00:00,2400,1261360,Anitons,Coming soon,Free,https://store.steampowered.com/app/1261360/Anitons/,96,25,https://store.steampowered.com/search/?filter=popularwishlist&ignore_preferences=1&page=96,,,,win,
3cedf3b2-306f-4b5f-9ad0-4e3fd9a662d5,2026-05-27T07:21:07.851371+00:00,2401,3082020,Portal: Intrusion,To be announced,Free,https://store.steampowered.com/app/3082020/Portal_Intrusion/,97,1,https://store.steampowered.com/search/?filter=popularwishlist&ignore_preferences=1&page=97,,,,"win,linux",
3cedf3b2-306f-4b5f-9ad0-4e3fd9a662d5,2026-05-27T07:21:07.851371+00:00,2402,3105190,CHILDREN OF SATURN,To be announced,Unpriced (Coming Soon),https://store.steampowered.com/app/3105190/CHILDREN_OF_SATURN/,97,2,https://store.steampowered.com/search/?filter=popularwishlist&ignore_preferences=1&page=97,,,,win,
3cedf3b2-306f-4b5f-9ad0-4e3fd9a662d5,2026-05-27T07:21:07.851371+00:00,2403,1536440,Platoon Commander,Coming soon,Free,https://store.steampowered.com/app/1536440/Platoon_Commander/,97,3,https://store.steampowered.com/search/?filter=popularwishlist&ignore_preferences=1&page=97,,,,win,
3cedf3b2-306f-4b5f-9ad0-4e3fd9a662d5,2026-05-27T07:21:07.851371+00:00,2404,3284220,Hyperwar,To be announced,Unpriced (Coming Soon),https://store.steampowered.com/app/3284220/Hyperwar/,97,4,https://store.steampowered.com/search/?filter=popularwishlist&ignore_preferences=1&page=97,,,,win,
3cedf3b2-306f-4b5f-9ad0-4e3fd9a662d5,2026-05-27T07:21:07.851371+00:00,2405,3411810,Cobra Strike,To be announced,Unpriced (Coming Soon),https://store.steampowered.com/app/3411810/Cobra_Strike/,97,5,https://store.steampowered.com/search/?filter=popularwishlist&ignore_preferences=1&page=97,,,,win,
3cedf3b2-306f-4b5f-9ad0-4e3fd9a662d5,2026-05-27T07:21:07.851371+00:00,2406,885160,BOTSU,To be announced,Unpriced (Coming Soon),https://store.steampowered.com/app/885160/BOTSU/,97,6,https://store.steampowered.com/search/?filter=popularwishlist&ignore_preferences=1&page=97,,,,win,
3cedf3b2-306f-4b5f-9ad0-4e3fd9a662d5,2026-05-27T07:21:07.851371+00:00,2407,2540650,Keyframes,To be announced,Free,https://store.steampowered.com/app/2540650/Keyframes/,97,7,https://store.steampowered.com/search/?filter=popularwishlist&ignore_preferences=1&page=97,,,,"win,mac,linux",
3cedf3b2-306f-4b5f-9ad0-4e3fd9a662d5,2026-05-27T07:21:07.851371+00:00,2408,2725610,Haunted Bloodlines,Coming soon,Free,https://store.steampowered.com/app/2725610/Haunted_Bloodlines/,97,8,https://store.steampowered.com/search/?filter=popularwishlist&ignore_preferences=1&page=97,,,,win,
3cedf3b2-306f-4b5f-9ad0-4e3fd9a662d5,2026-05-27T07:21:07.851371+00:00,2409,1043110,Kaiju Fishing,To be announced,Unpriced (Coming Soon),https://store.steampowered.com/app/1043110/Kaiju_Fishing/,97,9,https://store.steampowered.com/search/?filter=popularwishlist&ignore_preferences=1&page=97,,,,win,
3cedf3b2-306f-4b5f-9ad0-4e3fd9a662d5,2026-05-27T07:21:07.851371+00:00,2410,1185380,The Season of the Warlock,To be announced,Unpriced (Coming Soon),https://store.steampowered.com/app/1185380/The_Season_of_the_Warlock/,97,10,https://store.steampowered.com/search/?filter=popularwishlist&ignore_preferences=1&page=97,,,,"win,mac,linux",
3cedf3b2-306f-4b5f-9ad0-4e3fd9a662d5,2026-05-27T07:21:07.851371+00:00,2411,2850840,Tokyo Mafia Simulator,Coming soon,Free,https://store.steampowered.com/app/2850840/Tokyo_Mafia_Simulator/,97,11,https://store.steampowered.com/search/?filter=popularwishlist&ignore_preferences=1&page=97,,,,win,
3cedf3b2-306f-4b5f-9ad0-4e3fd9a662d5,2026-05-27T07:21:07.851371+00:00,2412,3275750,Last Drop,Coming soon,Free,https://store.steampowered.com/app/3275750/Last_Drop/,97,12,https://store.steampowered.com/search/?filter=popularwishlist&ignore_preferences=1&page=97,,,,win,
3cedf3b2-306f-4b5f-9ad0-4e3fd9a662d5,2026-05-27T07:21:07.851371+00:00,2413,2178120,Return to Paradise,To be announced,Free,https://store.steampowered.com/app/2178120/Return_to_Paradise/,97,13,https://store.steampowered.com/search/?filter=popularwishlist&ignore_preferences=1&page=97,,,,win,
3cedf3b2-306f-4b5f-9ad0-4e3fd9a662d5,2026-05-27T07:21:07.851371+00:00,2414,3722090,Parasensor,To be announced,Unpriced (Coming Soon),https://store.steampowered.com/app/3722090/Parasensor/,97,14,https://store.steampowered.com/search/?filter=popularwishlist&ignore_preferences=1&page=97,,,,win,
3cedf3b2-306f-4b5f-9ad0-4e3fd9a662d5,2026-05-27T07:21:07.851371+00:00,2415,3114850,FLS,Coming soon,Free,https://store.steampowered.com/app/3114850/FLS/,97,15,https://store.steampowered.com/search/?filter=popularwishlist&ignore_preferences=1&page=97,,,,win,
3cedf3b2-306f-4b5f-9ad0-4e3fd9a662d5,2026-05-27T07:21:07.851371+00:00,2416,1490830,DYING : 1983,To be announced,Unpriced (Coming Soon),https://store.steampowered.com/app/1490830/DYING__1983/,97,16,https://store.steampowered.com/search/?filter=popularwishlist&ignore_preferences=1&page=97,,,,win,
3cedf3b2-306f-4b5f-9ad0-4e3fd9a662d5,2026-05-27T07:21:07.851371+00:00,2417,1273980,HeatWave,To be announced,Unpriced (Coming Soon),https://store.steampowered.com/app/1273980/HeatWave/,97,17,https://store.steampowered.com/search/?filter=popularwishlist&ignore_preferences=1&page=97,,,,win,
3cedf3b2-306f-4b5f-9ad0-4e3fd9a662d5,2026-05-27T07:21:07.851371+00:00,2418,777210,Vulpine,Coming soon,Free,https://store.steampowered.com/app/777210/Vulpine/,97,18,https://store.steampowered.com/search/?filter=popularwishlist&ignore_preferences=1&page=97,,,,"win,mac,linux",
3cedf3b2-306f-4b5f-9ad0-4e3fd9a662d5,2026-05-27T07:21:07.851371+00:00,2419,4323990,EMPULSE,Coming soon,Free,https://store.steampowered.com/app/4323990/EMPULSE/,97,19,https://store.steampowered.com/search/?filter=popularwishlist&ignore_preferences=1&page=97,,,,win,
3cedf3b2-306f-4b5f-9ad0-4e3fd9a662d5,2026-05-27T07:21:07.851371+00:00,2420,1520600,Build and Discover: America,To be announced,Unpriced (Coming Soon),https://store.steampowered.com/app/1520600/Build_and_Discover_America/,97,20,https://store.steampowered.com/search/?filter=popularwishlist&ignore_preferences=1&page=97,,,,win,
3cedf3b2-306f-4b5f-9ad0-4e3fd9a662d5,2026-05-27T07:21:07.851371+00:00,2421,2160760,LIMINAL,Coming soon,Free,https://store.steampowered.com/app/2160760/LIMINAL/,97,21,https://store.steampowered.com/search/?filter=popularwishlist&ignore_preferences=1&page=97,,,,win,
3cedf3b2-306f-4b5f-9ad0-4e3fd9a662d5,2026-05-27T07:21:07.851371+00:00,2422,3177760,Critterville Goes Bankrupt,To be announced,Unpriced (Coming Soon),https://store.steampowered.com/app/3177760/Critterville_Goes_Bankrupt/,97,22,https://store.steampowered.com/search/?filter=popularwishlist&ignore_preferences=1&page=97,,,,win,
3cedf3b2-306f-4b5f-9ad0-4e3fd9a662d5,2026-05-27T07:21:07.851371+00:00,2423,2116290,Soda-Powered Penguin,To be announced,Unpriced (Coming Soon),https://store.steampowered.com/app/2116290/SodaPowered_Penguin/,97,23,https://store.steampowered.com/search/?filter=popularwishlist&ignore_preferences=1&page=97,,,,"win,mac,linux",
3cedf3b2-306f-4b5f-9ad0-4e3fd9a662d5,2026-05-27T07:21:07.851371+00:00,2424,1672790,ASKE,Coming soon,Free,https://store.steampowered.com/app/1672790/ASKE/,97,24,https://store.steampowered.com/search/?filter=popularwishlist&ignore_preferences=1&page=97,,,,"win,mac,linux",
3cedf3b2-306f-4b5f-9ad0-4e3fd9a662d5,2026-05-27T07:21:07.851371+00:00,2425,3330210,Kinny and the Cosmic Cauldron,"Aug 1, 2026",Unpriced (Coming Soon),https://store.steampowered.com/app/3330210/Kinny_and_the_Cosmic_Cauldron/,97,25,https://store.steampowered.com/search/?filter=popularwishlist&ignore_preferences=1&page=97,,,,"win,mac",
3cedf3b2-306f-4b5f-9ad0-4e3fd9a662d5,2026-05-27T07:21:07.851371+00:00,2426,1809090,Kraino Rebirth,To be announced,Unpriced (Coming Soon),https://store.steampowered.com/app/1809090/Kraino_Rebirth/,98,1,https://store.steampowered.com/search/?filter=popularwishlist&ignore_preferences=1&page=98,,,,win,
3cedf3b2-306f-4b5f-9ad0-4e3fd9a662d5,2026-05-27T07:21:07.851371+00:00,2427,1555960,Crime Scene Technician,Coming soon,Free,https://store.steampowered.com/app/1555960/Crime_Scene_Technician/,98,2,https://store.steampowered.com/search/?filter=popularwishlist&ignore_preferences=1&page=98,,,,win,
3cedf3b2-306f-4b5f-9ad0-4e3fd9a662d5,2026-05-27T07:21:07.851371+00:00,2428,3070020,Automaton Heart,"May 29, 2026",Unpriced (Coming Soon),https://store.steampowered.com/app/3070020/Automaton_Heart/,98,3,https://store.steampowered.com/search/?filter=popularwishlist&ignore_preferences=1&page=98,,,,"win,linux",
3cedf3b2-306f-4b5f-9ad0-4e3fd9a662d5,2026-05-27T07:21:07.851371+00:00,2429,2249060,Edenfall: Legacy of the First Wardens,To be announced,Unpriced (Coming Soon),https://store.steampowered.com/app/2249060/Edenfall_Legacy_of_the_First_Wardens/,98,4,https://store.steampowered.com/search/?filter=popularwishlist&ignore_preferences=1&page=98,,,,win,
3cedf3b2-306f-4b5f-9ad0-4e3fd9a662d5,2026-05-27T07:21:07.851371+00:00,2430,3301350,Sleep Well Cemetery,Coming soon,Free,https://store.steampowered.com/app/3301350/Sleep_Well_Cemetery/,98,5,https://store.steampowered.com/search/?filter=popularwishlist&ignore_preferences=1&page=98,,,,win,
3cedf3b2-306f-4b5f-9ad0-4e3fd9a662d5,2026-05-27T07:21:07.851371+00:00,2431,2558300,Netherwyn,Q4 2026,Unpriced (Coming Soon),https://store.steampowered.com/app/2558300/Netherwyn/,98,6,https://store.steampowered.com/search/?filter=popularwishlist&ignore_preferences=1&page=98,,,,win,
3cedf3b2-306f-4b5f-9ad0-4e3fd9a662d5,2026-05-27T07:21:07.851371+00:00,2432,1121670,Excavator Simulator,Coming soon,Free,https://store.steampowered.com/app/1121670/Excavator_Simulator/,98,7,https://store.steampowered.com/search/?filter=popularwishlist&ignore_preferences=1&page=98,,,,win,
3cedf3b2-306f-4b5f-9ad0-4e3fd9a662d5,2026-05-27T07:21:07.851371+00:00,2433,732970,Beyond Clouds,Coming soon,Free,https://store.steampowered.com/app/732970/Beyond_Clouds/,98,8,https://store.steampowered.com/search/?filter=popularwishlist&ignore_preferences=1&page=98,,,,win,
3cedf3b2-306f-4b5f-9ad0-4e3fd9a662d5,2026-05-27T07:21:07.851371+00:00,2434,1874980,Ready for Riot,To be announced,Unpriced (Coming Soon),https://store.steampowered.com/app/1874980/Ready_for_Riot/,98,9,https://store.steampowered.com/search/?filter=popularwishlist&ignore_preferences=1&page=98,,,,win,
3cedf3b2-306f-4b5f-9ad0-4e3fd9a662d5,2026-05-27T07:21:07.851371+00:00,2435,3603740,GCR4 Geoff Crammond,Coming soon,Free,https://store.steampowered.com/app/3603740/GCR4_Geoff_Crammond/,98,10,https://store.steampowered.com/search/?filter=popularwishlist&ignore_preferences=1&page=98,,,,win,
3cedf3b2-306f-4b5f-9ad0-4e3fd9a662d5,2026-05-27T07:21:07.851371+00:00,2436,3887090,Airport Baggage Simulator,"May 28, 2026",Unpriced (Coming Soon),https://store.steampowered.com/app/3887090/Airport_Baggage_Simulator/,98,11,https://store.steampowered.com/search/?filter=popularwishlist&ignore_preferences=1&page=98,,,,win,
3cedf3b2-306f-4b5f-9ad0-4e3fd9a662d5,2026-05-27T07:21:07.851371+00:00,2437,3895950,Garten of Banban: Last Ticket to the Abyss,Coming soon,Free,https://store.steampowered.com/app/3895950/Garten_of_Banban_Last_Ticket_to_the_Abyss/,98,12,https://store.steampowered.com/search/?filter=popularwishlist&ignore_preferences=1&page=98,,,,win,
3cedf3b2-306f-4b5f-9ad0-4e3fd9a662d5,2026-05-27T07:21:07.851371+00:00,2438,2098690,CALME,To be announced,Unpriced (Coming Soon),https://store.steampowered.com/app/2098690/CALME/,98,13,https://store.steampowered.com/search/?filter=popularwishlist&ignore_preferences=1&page=98,,,,win,
3cedf3b2-306f-4b5f-9ad0-4e3fd9a662d5,2026-05-27T07:21:07.851371+00:00,2439,3565480,Roadhouse Simulator,Q3 2026,Unpriced (Coming Soon),https://store.steampowered.com/app/3565480/Roadhouse_Simulator/,98,14,https://store.steampowered.com/search/?filter=popularwishlist&ignore_preferences=1&page=98,,,,"win,mac",
3cedf3b2-306f-4b5f-9ad0-4e3fd9a662d5,2026-05-27T07:21:07.851371+00:00,2440,3714280,FLASK,Coming soon,Free,https://store.steampowered.com/app/3714280/FLASK/,98,15,https://store.steampowered.com/search/?filter=popularwishlist&ignore_preferences=1&page=98,,,,win,
3cedf3b2-306f-4b5f-9ad0-4e3fd9a662d5,2026-05-27T07:21:07.851371+00:00,2441,4300400,Adventurers Shop,Q3 2026,Unpriced (Coming Soon),https://store.steampowered.com/app/4300400/Adventurers_Shop/,98,16,https://store.steampowered.com/search/?filter=popularwishlist&ignore_preferences=1&page=98,,,,win,
3cedf3b2-306f-4b5f-9ad0-4e3fd9a662d5,2026-05-27T07:21:07.851371+00:00,2442,1285050,Noah's Ark,To be announced,Unpriced (Coming Soon),https://store.steampowered.com/app/1285050/Noahs_Ark/,98,17,https://store.steampowered.com/search/?filter=popularwishlist&ignore_preferences=1&page=98,,,,win,
3cedf3b2-306f-4b5f-9ad0-4e3fd9a662d5,2026-05-27T07:21:07.851371+00:00,2443,4102890,The Many Sins of House Ocampo,To be announced,Unpriced (Coming Soon),https://store.steampowered.com/app/4102890/The_Many_Sins_of_House_Ocampo/,98,18,https://store.steampowered.com/search/?filter=popularwishlist&ignore_preferences=1&page=98,,,,"win,linux",
3cedf3b2-306f-4b5f-9ad0-4e3fd9a662d5,2026-05-27T07:21:07.851371+00:00,2444,2368490,Montaro 2,To be announced,Unpriced (Coming Soon),https://store.steampowered.com/app/2368490/Montaro_2/,98,19,https://store.steampowered.com/search/?filter=popularwishlist&ignore_preferences=1&page=98,,,,win,
3cedf3b2-306f-4b5f-9ad0-4e3fd9a662d5,2026-05-27T07:21:07.851371+00:00,2445,4349020,Late Night Manifest,To be announced,Unpriced (Coming Soon),https://store.steampowered.com/app/4349020/Late_Night_Manifest/,98,20,https://store.steampowered.com/search/?filter=popularwishlist&ignore_preferences=1&page=98,,,,"win,mac,linux",
3cedf3b2-306f-4b5f-9ad0-4e3fd9a662d5,2026-05-27T07:21:07.851371+00:00,2446,2570110,Angel of Death,To be announced,Unpriced (Coming Soon),https://store.steampowered.com/app/2570110/Angel_of_Death/,98,21,https://store.steampowered.com/search/?filter=popularwishlist&ignore_preferences=1&page=98,,,,win,
3cedf3b2-306f-4b5f-9ad0-4e3fd9a662d5,2026-05-27T07:21:07.851371+00:00,2447,1126210,the machine that BREATHES,Coming soon,Free,https://store.steampowered.com/app/1126210/the_machine_that_BREATHES/,98,22,https://store.steampowered.com/search/?filter=popularwishlist&ignore_preferences=1&page=98,,,,win,
3cedf3b2-306f-4b5f-9ad0-4e3fd9a662d5,2026-05-27T07:21:07.851371+00:00,2448,4285870,Pigs and Wolf,Coming soon,Free,https://store.steampowered.com/app/4285870/Pigs_and_Wolf/,98,23,https://store.steampowered.com/search/?filter=popularwishlist&ignore_preferences=1&page=98,,,,win,
3cedf3b2-306f-4b5f-9ad0-4e3fd9a662d5,2026-05-27T07:21:07.851371+00:00,2449,4157110,Terminator: Dark Fate - Defiance: Evolution,Coming soon,Free,https://store.steampowered.com/app/4157110/Terminator_Dark_Fate__Defiance_Evolution/,98,24,https://store.steampowered.com/search/?filter=popularwishlist&ignore_preferences=1&page=98,,,,win,
3cedf3b2-306f-4b5f-9ad0-4e3fd9a662d5,2026-05-27T07:21:07.851371+00:00,2450,1953850,VICE Undercover,Q3 2026,Unpriced (Coming Soon),https://store.steampowered.com/app/1953850/VICE_Undercover/,98,25,https://store.steampowered.com/search/?filter=popularwishlist&ignore_preferences=1&page=98,,,,"win,mac",
3cedf3b2-306f-4b5f-9ad0-4e3fd9a662d5,2026-05-27T07:21:07.851371+00:00,2451,1571260,fault - milestone two side: below,Coming soon,Free,https://store.steampowered.com/app/1571260/fault__milestone_two_side_below/,99,1,https://store.steampowered.com/search/?filter=popularwishlist&ignore_preferences=1&page=99,,,,win,
3cedf3b2-306f-4b5f-9ad0-4e3fd9a662d5,2026-05-27T07:21:07.851371+00:00,2452,3027860,Thief Simulator 2: Cruise Ship DLC,Coming soon,Free,https://store.steampowered.com/app/3027860/Thief_Simulator_2_Cruise_Ship_DLC/,99,2,https://store.steampowered.com/search/?filter=popularwishlist&ignore_preferences=1&page=99,,,,win,
3cedf3b2-306f-4b5f-9ad0-4e3fd9a662d5,2026-05-27T07:21:07.851371+00:00,2453,2139090,Project ETHOS,To be announced,Unpriced (Coming Soon),https://store.steampowered.com/app/2139090/Project_ETHOS/,99,3,https://store.steampowered.com/search/?filter=popularwishlist&ignore_preferences=1&page=99,,,,win,
3cedf3b2-306f-4b5f-9ad0-4e3fd9a662d5,2026-05-27T07:21:07.851371+00:00,2454,3034660,Dunebound Tactics,Coming soon,Free,https://store.steampowered.com/app/3034660/Dunebound_Tactics/,99,4,https://store.steampowered.com/search/?filter=popularwishlist&ignore_preferences=1&page=99,,,,win,
3cedf3b2-306f-4b5f-9ad0-4e3fd9a662d5,2026-05-27T07:21:07.851371+00:00,2455,1143910,DeathTower,Coming soon,Free,https://store.steampowered.com/app/1143910/DeathTower/,99,5,https://store.steampowered.com/search/?filter=popularwishlist&ignore_preferences=1&page=99,,,,win,
3cedf3b2-306f-4b5f-9ad0-4e3fd9a662d5,2026-05-27T07:21:07.851371+00:00,2456,247710,Battledroid,To be announced,Free,https://store.steampowered.com/app/247710/Battledroid/,99,6,https://store.steampowered.com/search/?filter=popularwishlist&ignore_preferences=1&page=99,,,,"win,linux",
3cedf3b2-306f-4b5f-9ad0-4e3fd9a662d5,2026-05-27T07:21:07.851371+00:00,2457,1238390,This Dead Winter,Coming soon,Free,https://store.steampowered.com/app/1238390/This_Dead_Winter/,99,7,https://store.steampowered.com/search/?filter=popularwishlist&ignore_preferences=1&page=99,,,,win,
3cedf3b2-306f-4b5f-9ad0-4e3fd9a662d5,2026-05-27T07:21:07.851371+00:00,2458,4402250,Disgaea Mayhem,"Jul 23, 2026",Unpriced (Coming Soon),https://store.steampowered.com/app/4402250/Disgaea_Mayhem/,99,8,https://store.steampowered.com/search/?filter=popularwishlist&ignore_preferences=1&page=99,,,,win,
3cedf3b2-306f-4b5f-9ad0-4e3fd9a662d5,2026-05-27T07:21:07.851371+00:00,2459,3479420,Okko The Exiled,2026,Unpriced (Coming Soon),https://store.steampowered.com/app/3479420/Okko_The_Exiled/,99,9,https://store.steampowered.com/search/?filter=popularwishlist&ignore_preferences=1&page=99,,,,"win,mac",
3cedf3b2-306f-4b5f-9ad0-4e3fd9a662d5,2026-05-27T07:21:07.851371+00:00,2460,2545880,HistoriCity: Florence,Coming soon,Free,https://store.steampowered.com/app/2545880/HistoriCity_Florence/,99,10,https://store.steampowered.com/search/?filter=popularwishlist&ignore_preferences=1&page=99,,,,"win,mac",
3cedf3b2-306f-4b5f-9ad0-4e3fd9a662d5,2026-05-27T07:21:07.851371+00:00,2461,649560,L.A.P.D. 2195,To be announced,Unpriced (Coming Soon),https://store.steampowered.com/app/649560/LAPD_2195/,99,11,https://store.steampowered.com/search/?filter=popularwishlist&ignore_preferences=1&page=99,,,,win,
3cedf3b2-306f-4b5f-9ad0-4e3fd9a662d5,2026-05-27T07:21:07.851371+00:00,2462,4225400,I.T. Never Ends,August 2026,Unpriced (Coming Soon),https://store.steampowered.com/app/4225400/IT_Never_Ends/,99,12,https://store.steampowered.com/search/?filter=popularwishlist&ignore_preferences=1&page=99,,,,"win,linux",
3cedf3b2-306f-4b5f-9ad0-4e3fd9a662d5,2026-05-27T07:21:07.851371+00:00,2463,3746290,Werewolf: The Apocalypse – Rageborn,2027,Free,https://store.steampowered.com/app/3746290/Werewolf_The_Apocalypse__Rageborn/,99,13,https://store.steampowered.com/search/?filter=popularwishlist&ignore_preferences=1&page=99,,,,win,
3cedf3b2-306f-4b5f-9ad0-4e3fd9a662d5,2026-05-27T07:21:07.851371+00:00,2464,2362040,Into the Underworld,To be announced,Unpriced (Coming Soon),https://store.steampowered.com/app/2362040/Into_the_Underworld/,99,14,https://store.steampowered.com/search/?filter=popularwishlist&ignore_preferences=1&page=99,,,,win,
3cedf3b2-306f-4b5f-9ad0-4e3fd9a662d5,2026-05-27T07:21:07.851371+00:00,2465,1726560,Buramato,Coming soon,Free,https://store.steampowered.com/app/1726560/Buramato/,99,15,https://store.steampowered.com/search/?filter=popularwishlist&ignore_preferences=1&page=99,,,,win,
3cedf3b2-306f-4b5f-9ad0-4e3fd9a662d5,2026-05-27T07:21:07.851371+00:00,2466,3034650,BloomKeeper,"Sep 16, 2026",Unpriced (Coming Soon),https://store.steampowered.com/app/3034650/BloomKeeper/,99,16,https://store.steampowered.com/search/?filter=popularwishlist&ignore_preferences=1&page=99,,,,win,
3cedf3b2-306f-4b5f-9ad0-4e3fd9a662d5,2026-05-27T07:21:07.851371+00:00,2467,1460810,Dungeon Munchies 2,Coming soon,Free,https://store.steampowered.com/app/1460810/Dungeon_Munchies_2/,99,17,https://store.steampowered.com/search/?filter=popularwishlist&ignore_preferences=1&page=99,,,,"win,mac",
3cedf3b2-306f-4b5f-9ad0-4e3fd9a662d5,2026-05-27T07:21:07.851371+00:00,2468,1226580,Fashion Designer,To be announced,Unpriced (Coming Soon),https://store.steampowered.com/app/1226580/Fashion_Designer/,99,18,https://store.steampowered.com/search/?filter=popularwishlist&ignore_preferences=1&page=99,,,,win,
3cedf3b2-306f-4b5f-9ad0-4e3fd9a662d5,2026-05-27T07:21:07.851371+00:00,2469,2325860,Road 66,Coming soon,Free,https://store.steampowered.com/app/2325860/Road_66/,99,19,https://store.steampowered.com/search/?filter=popularwishlist&ignore_preferences=1&page=99,,,,win,
3cedf3b2-306f-4b5f-9ad0-4e3fd9a662d5,2026-05-27T07:21:07.851371+00:00,2470,3273960,The Dark Crown: Genesis,Coming soon,Free,https://store.steampowered.com/app/3273960/The_Dark_Crown_Genesis/,99,20,https://store.steampowered.com/search/?filter=popularwishlist&ignore_preferences=1&page=99,,,,win,
3cedf3b2-306f-4b5f-9ad0-4e3fd9a662d5,2026-05-27T07:21:07.851371+00:00,2471,945860,HopeLand,To be announced,Unpriced (Coming Soon),https://store.steampowered.com/app/945860/HopeLand/,99,21,https://store.steampowered.com/search/?filter=popularwishlist&ignore_preferences=1&page=99,,,,win,
3cedf3b2-306f-4b5f-9ad0-4e3fd9a662d5,2026-05-27T07:21:07.851371+00:00,2472,2718100,Legends of Awen: Rise of The Fianna,To be announced,Unpriced (Coming Soon),https://store.steampowered.com/app/2718100/Legends_of_Awen_Rise_of_The_Fianna/,99,22,https://store.steampowered.com/search/?filter=popularwishlist&ignore_preferences=1&page=99,,,,win,
3cedf3b2-306f-4b5f-9ad0-4e3fd9a662d5,2026-05-27T07:21:07.851371+00:00,2473,3625840,EMPTY SHELL 2,To be announced,Unpriced (Coming Soon),https://store.steampowered.com/app/3625840/EMPTY_SHELL_2/,99,23,https://store.steampowered.com/search/?filter=popularwishlist&ignore_preferences=1&page=99,,,,win,
3cedf3b2-306f-4b5f-9ad0-4e3fd9a662d5,2026-05-27T07:21:07.851371+00:00,2474,3555120,Pre-Fortress 2,Coming soon,Free,https://store.steampowered.com/app/3555120/PreFortress_2/,99,24,https://store.steampowered.com/search/?filter=popularwishlist&ignore_preferences=1&page=99,,,,"win,linux",
3cedf3b2-306f-4b5f-9ad0-4e3fd9a662d5,2026-05-27T07:21:07.851371+00:00,2475,3330890,Shiver,Coming soon,Free,https://store.steampowered.com/app/3330890/Shiver/,99,25,https://store.steampowered.com/search/?filter=popularwishlist&ignore_preferences=1&page=99,,,,win,
3cedf3b2-306f-4b5f-9ad0-4e3fd9a662d5,2026-05-27T07:21:07.851371+00:00,2476,3918250,Frutigeropolis: The Promised City,Coming soon,Free,https://store.steampowered.com/app/3918250/Frutigeropolis_The_Promised_City/,100,1,https://store.steampowered.com/search/?filter=popularwishlist&ignore_preferences=1&page=100,,,,win,
3cedf3b2-306f-4b5f-9ad0-4e3fd9a662d5,2026-05-27T07:21:07.851371+00:00,2477,3610210,Klostyn,Coming soon,Free,https://store.steampowered.com/app/3610210/Klostyn/,100,2,https://store.steampowered.com/search/?filter=popularwishlist&ignore_preferences=1&page=100,,,,"win,linux",
3cedf3b2-306f-4b5f-9ad0-4e3fd9a662d5,2026-05-27T07:21:07.851371+00:00,2478,2664120,Lonely Space,Coming soon,Free,https://store.steampowered.com/app/2664120/Lonely_Space/,100,3,https://store.steampowered.com/search/?filter=popularwishlist&ignore_preferences=1&page=100,,,,win,
3cedf3b2-306f-4b5f-9ad0-4e3fd9a662d5,2026-05-27T07:21:07.851371+00:00,2479,4314170,Jibbers,2026,Unpriced (Coming Soon),https://store.steampowered.com/app/4314170/Jibbers/,100,4,https://store.steampowered.com/search/?filter=popularwishlist&ignore_preferences=1&page=100,,,,"win,mac,linux",
3cedf3b2-306f-4b5f-9ad0-4e3fd9a662d5,2026-05-27T07:21:07.851371+00:00,2480,2850910,Prisma,To be announced,Unpriced (Coming Soon),https://store.steampowered.com/app/2850910/Prisma/,100,5,https://store.steampowered.com/search/?filter=popularwishlist&ignore_preferences=1&page=100,,,,win,
3cedf3b2-306f-4b5f-9ad0-4e3fd9a662d5,2026-05-27T07:21:07.851371+00:00,2481,2784920,Infinity Knights: Xross,2026,Unpriced (Coming Soon),https://store.steampowered.com/app/2784920/Infinity_Knights_Xross/,100,6,https://store.steampowered.com/search/?filter=popularwishlist&ignore_preferences=1&page=100,,,,"win,mac,linux",
3cedf3b2-306f-4b5f-9ad0-4e3fd9a662d5,2026-05-27T07:21:07.851371+00:00,2482,3788160,Terminal War,Coming soon,Free,https://store.steampowered.com/app/3788160/Terminal_War/,100,7,https://store.steampowered.com/search/?filter=popularwishlist&ignore_preferences=1&page=100,,,,win,
3cedf3b2-306f-4b5f-9ad0-4e3fd9a662d5,2026-05-27T07:21:07.851371+00:00,2483,3866230,Way of Madness,Coming soon,Free,https://store.steampowered.com/app/3866230/Way_of_Madness/,100,8,https://store.steampowered.com/search/?filter=popularwishlist&ignore_preferences=1&page=100,,,,win,
3cedf3b2-306f-4b5f-9ad0-4e3fd9a662d5,2026-05-27T07:21:07.851371+00:00,2484,3264960,Cardburners,"May 28, 2026",Unpriced (Coming Soon),https://store.steampowered.com/app/3264960/Cardburners/,100,9,https://store.steampowered.com/search/?filter=popularwishlist&ignore_preferences=1&page=100,,,,"win,mac,linux",
3cedf3b2-306f-4b5f-9ad0-4e3fd9a662d5,2026-05-27T07:21:07.851371+00:00,2485,3037040,Board Game Society,Coming soon,Free,https://store.steampowered.com/app/3037040/Board_Game_Society/,100,10,https://store.steampowered.com/search/?filter=popularwishlist&ignore_preferences=1&page=100,,,,win,
3cedf3b2-306f-4b5f-9ad0-4e3fd9a662d5,2026-05-27T07:21:07.851371+00:00,2486,3106050,Dark Queen of Samobor,Q1 2027,Free,https://store.steampowered.com/app/3106050/Dark_Queen_of_Samobor/,100,11,https://store.steampowered.com/search/?filter=popularwishlist&ignore_preferences=1&page=100,,,,win,
3cedf3b2-306f-4b5f-9ad0-4e3fd9a662d5,2026-05-27T07:21:07.851371+00:00,2487,1638030,Generation Ship,2026,Unpriced (Coming Soon),https://store.steampowered.com/app/1638030/Generation_Ship/,100,12,https://store.steampowered.com/search/?filter=popularwishlist&ignore_preferences=1&page=100,,,,"win,mac,linux",
3cedf3b2-306f-4b5f-9ad0-4e3fd9a662d5,2026-05-27T07:21:07.851371+00:00,2488,284080,Lost Squad,Coming soon,Free,https://store.steampowered.com/app/284080/Lost_Squad/,100,13,https://store.steampowered.com/search/?filter=popularwishlist&ignore_preferences=1&page=100,,,,win,
3cedf3b2-306f-4b5f-9ad0-4e3fd9a662d5,2026-05-27T07:21:07.851371+00:00,2489,4547970,Pih 2,Coming soon,Free,https://store.steampowered.com/app/4547970/Pih_2/,100,14,https://store.steampowered.com/search/?filter=popularwishlist&ignore_preferences=1&page=100,,,,win,
3cedf3b2-306f-4b5f-9ad0-4e3fd9a662d5,2026-05-27T07:21:07.851371+00:00,2490,2894990,Trizna,2026,Unpriced (Coming Soon),https://store.steampowered.com/app/2894990/Trizna/,100,15,https://store.steampowered.com/search/?filter=popularwishlist&ignore_preferences=1&page=100,,,,win,
3cedf3b2-306f-4b5f-9ad0-4e3fd9a662d5,2026-05-27T07:21:07.851371+00:00,2491,3516660,WORK WORK WORK,To be announced,Unpriced (Coming Soon),https://store.steampowered.com/app/3516660/WORK_WORK_WORK/,100,16,https://store.steampowered.com/search/?filter=popularwishlist&ignore_preferences=1&page=100,,,,win,
3cedf3b2-306f-4b5f-9ad0-4e3fd9a662d5,2026-05-27T07:21:07.851371+00:00,2492,3539320,Scribble Wolf,Q2 2026,Unpriced (Coming Soon),https://store.steampowered.com/app/3539320/Scribble_Wolf/,100,17,https://store.steampowered.com/search/?filter=popularwishlist&ignore_preferences=1&page=100,,,,"win,mac",
3cedf3b2-306f-4b5f-9ad0-4e3fd9a662d5,2026-05-27T07:21:07.851371+00:00,2493,4208770,Launch Window,To be announced,Unpriced (Coming Soon),https://store.steampowered.com/app/4208770/Launch_Window/,100,18,https://store.steampowered.com/search/?filter=popularwishlist&ignore_preferences=1&page=100,,,,win,
3cedf3b2-306f-4b5f-9ad0-4e3fd9a662d5,2026-05-27T07:21:07.851371+00:00,2494,3347690,Among the Waves,2027,Free,https://store.steampowered.com/app/3347690/Among_the_Waves/,100,19,https://store.steampowered.com/search/?filter=popularwishlist&ignore_preferences=1&page=100,,,,win,
3cedf3b2-306f-4b5f-9ad0-4e3fd9a662d5,2026-05-27T07:21:07.851371+00:00,2495,3538070,Greed & Darkness,Coming soon,Free,https://store.steampowered.com/app/3538070/Greed__Darkness/,100,20,https://store.steampowered.com/search/?filter=popularwishlist&ignore_preferences=1&page=100,,,,win,
3cedf3b2-306f-4b5f-9ad0-4e3fd9a662d5,2026-05-27T07:21:07.851371+00:00,2496,4516190,"My Beautiful Faraway, Please Don't Be Cruel To Me",2026,Unpriced (Coming Soon),https://store.steampowered.com/app/4516190/My_Beautiful_Faraway_Please_Dont_Be_Cruel_To_Me/,100,21,https://store.steampowered.com/search/?filter=popularwishlist&ignore_preferences=1&page=100,,,,"win,mac,linux",
3cedf3b2-306f-4b5f-9ad0-4e3fd9a662d5,2026-05-27T07:21:07.851371+00:00,2497,1545510,Camping Builder,To be announced,Unpriced (Coming Soon),https://store.steampowered.com/app/1545510/Camping_Builder/,100,22,https://store.steampowered.com/search/?filter=popularwishlist&ignore_preferences=1&page=100,,,,win,
3cedf3b2-306f-4b5f-9ad0-4e3fd9a662d5,2026-05-27T07:21:07.851371+00:00,2498,2852750,The Games You Make,To be announced,Unpriced (Coming Soon),https://store.steampowered.com/app/2852750/The_Games_You_Make/,100,23,https://store.steampowered.com/search/?filter=popularwishlist&ignore_preferences=1&page=100,,,,"win,linux",
3cedf3b2-306f-4b5f-9ad0-4e3fd9a662d5,2026-05-27T07:21:07.851371+00:00,2499,3456660,PAYDAY: Aces High,Q3 2026,Unpriced (Coming Soon),https://store.steampowered.com/app/3456660/PAYDAY_Aces_High/,100,24,https://store.steampowered.com/search/?filter=popularwishlist&ignore_preferences=1&page=100,,,,"win,group_separator",
3cedf3b2-306f-4b5f-9ad0-4e3fd9a662d5,2026-05-27T07:21:07.851371+00:00,2500,4175710,Dwarves: Idle Battles,Coming soon,Free,https://store.steampowered.com/app/4175710/Dwarves_Idle_Battles/,100,25,https://store.steampowered.com/search/?filter=popularwishlist&ignore_preferences=1&page=100,,,,win,
