appid,query,query_group,query_priority,provider,tavily_search_depth,budget_query_number,url,title,snippet,date_classification,evidence_type
4393700,"""Elderfeast"" Steam",general,1,tavily,basic,1,https://store.steampowered.com/app/4393700/Elderfeast?l=spanish,Elderfeast en Steam,Elderfeast is a co-op action game where the monsters are the menu. Hunt Lovecraftian horrors across the galaxy and slice them apart for,unknown_date,web_result
4393700,"""Elderfeast"" Steam",general,1,tavily,basic,1,https://store.steampowered.com/app/4393700/Elderfeast?l=dutch,Elderfeast op Steam,Elderfeast is a co-op action game where the monsters are the menu. Hunt Lovecraftian horrors across the galaxy and slice them apart for ingredients to make your,unknown_date,web_result
4393700,"""Elderfeast"" Steam",general,1,tavily,basic,1,https://store.steampowered.com/app/4393700/Elderfeast,Elderfeast on Steam,"Get the Steam Mobile App. All trademarks are property of their respective owners in the US and other countries. Link to the Steam Homepage. Elderfeast is a co-op action game where the monsters are the menu. Hunt Lovecraftian horrors across the galaxy and slice them apart for ingredients to make your next meal. Sign in to add this item to your wishlist, follow it, or mark it as ignored. Steam is learning about this game. This game is not yet available on Steam. The developers describe how their game uses AI Generated Content like this:. The developers describe the content like this:. You can write your own review for this product to share your experience with the community. You can use this widget-maker to generate a bit of HTML that can be embedded in your website to easily allow customers to purchase this game on Steam. ## Sign In. Sign in to add your own tags to this product.",unknown_date,web_result
4393700,"""Elderfeast"" Steam",general,1,tavily,basic,1,https://steamcommunity.com/app/4393700/discussions,Elderfeast General Discussions :: Steam Community,Elderfeast - Hunt. Carve. Cook. Elderfeast is a co-op action game where the monsters are the menu. Hunt Lovecraftian horrors across the galaxy and slice,unknown_date,web_result
4393700,"""Elderfeast"" Steam",general,1,tavily,basic,1,https://gamingtrend.com/news/make-meals-of-the-horrors-with-your-friends-in-elderfeast,Make meals of the horrors with your friends in Elderfeast,"# Make meals of the horrors with your friends in Elderfeast. Now in Early Access on Steam. Today, Lurker Entertainment announced Elderfeast, a co-op action game where monsters on on the menu. Lurker Entertainment is made up of various AAA veterans, with Elderfeast helmed by Creative Director Ben Wanat, known for his work on the original Dead Space trilogy. > Hunt Lovecraftian-inspired horrors across the galaxy, carving them apart for ingredients to inspire your next meal. The better you cook, the stronger you become, but there's always something more terrifying to hunt next. > **Cook to Grow Stronger** — Master the cooking system’s otherworldly ingredients to craft dishes that enhance your abilities, turning every successful recipe into a step toward becoming a more formidable Chef. Along with this announcement, Elderfeast is entering Early Access on Steam. For more on Elderfeast, stay tuned to GamingTrend. David is the kind of person to wear his heart on his sleeve.",unknown_date,web_result
4393700,"""Elderfeast"" trailer",general,1,tavily,basic,2,https://www.youtube.com/watch?v=ZgIIAgdD1Nk,Elderfeast - Reveal Trailer | A Lovecraftian game where you hunt monsters for cooking ingredients!,"Elderfeast - Reveal Trailer | A Lovecraftian game where you hunt monsters for cooking ingredients!
Legion Of Gamez
347 subscribers
3 likes
11 views
28 Jun 2026
Elderfeast is an upcoming cooperative action-RPG video game developed and published by Lurker Entertainment. Helmed by Creative Director Ben Wanat—a AAA veteran widely recognized for his design work on the original Dead Space trilogy—the game is currently planned for a full release in 2027.

Elderfeast - Reveal Trailer | A Lovecraftian game where you hunt monsters for cooking ingredients! #legionofgamez #gaming 


Lootbar- Purchase in-game items at great discounts: https://www.lootbar.com/a/0pvu02


Follow me on Instagram: https://www.instagram.com/legionofgamez/

",unknown_date,web_result
4393700,"""Elderfeast"" trailer",general,1,tavily,basic,2,https://www.youtube.com/watch?v=kc03oMPfPzk,Elderfeast - Official Announcement Trailer,"Elderfeast - Official Announcement Trailer
Indie Games Hub
132000 subscribers
379 likes
8509 views
26 Jun 2026
Hunt. Carve. Cook. Elderfeast is a co-op action game where the monsters are the menu. Hunt Lovecraftian horrors across the galaxy and slice them apart for ingredients to make your next meal. The better you cook, the stronger you become, but there's always something more terrifying to hunt next. 

Wishlist on Steam: https://store.steampowered.com/app/4393700/Elderfeast/

Developer: Lurker Entertainment
X: https://x.com/elderfeast
26 comments
",unknown_date,web_result
4393700,"""Elderfeast"" trailer",general,1,tavily,basic,2,https://theawesomer.com/elderfeast-trailer/808157,Elderfeast: A Co-op Action Game Where You Dine on Monsters,"#### When you buy through links on our site, we may earn an affiliate commission. As an Amazon Associate I earn from qualifying purchases. The Awesomer: Awesome Stuff for Awesome People. # Elderfeast (Reveal Trailer). *(Gore)* The co-op survival horror game, *Elderfeast,* adds a new twist to the genre. After as you hack and slash your way through its Lovecraftian creatures, you serve their chopped-up bits for dinner. One commenter described it as “*Cooking Mama* mixed with *Dead Space* and *Dark Souls.*” Add it to your Steam wishlist so you can play it when it drops in 2027. ## More Awesome Stuff. Good Luck, Have Fun, Don’t Die (Trailer). Woodturning a Twisted Geometric Bowl. 3D Printing a Mechanical Calculator. Home | About | Suggest | Contact | Team | Links | Privacy | Disclosure. Advertise | Facebook | Pinterest | YouTube | Sites We Like | Awesomer Merch. Awesome Stuff: The Awesomer | Cool Cars: 95Octane. Site Design & Content © 2008-2026 Awesomer Media / The Awesomer™.",unknown_date,web_result
4393700,"""Elderfeast"" trailer",general,1,tavily,basic,2,https://bloody-disgusting.com/video-games/3957731/master-your-lovecraftian-cooking-skills-in-co-op-action-title-elderfeast-trailer,Master Your Lovecraftian Cooking Skills in Co-Op Action Title 'Elderfeast' [Trailer] - Bloody Disgusting,"# Master Your Lovecraftian Cooking Skills in Co-Op Action Title ‘Elderfeast’ [Trailer]. Sure, the idea of Lovecraft in video games may be tired for some, but Lurker Entertainment has decided to mix things up with their newly-announced co-op action game, ***Elderfeast***. *Elderfeast* tasks you and your friends with hunting Lovecraftian horrors across the galaxy, slicing them up, and then cooking them. You’ve just been made a member of The Order of the Void Eaters, and your job is to track and carve up an array of Lovecraftian-inspired horrors across the galaxy, then discover what they taste like. You’ll have a variety of weapons to help you out in getting your ingredients, but that’s only part of it. Relive Early 2000s First-Person Shooters With The Gory ‘SPRAWL zero’ [Trailer]](https://bloody-disgusting.com/video-games/3957721/relive-early-2000s-first-person-shooters-with-the-gory-sprawl-zero-trailer/) [*. # Relive Early 2000s First-Person Shooters With The Gory ‘SPRAWL zero’ [Trailer]. Inspired by 2000s console FPS games such as ***Halo***, the *SPRAWL zero* demo contains the frenetic action, gameplay and music you enjoyed from the early days, with plenty of gore thrown in for good measure.",unknown_date,web_result
4393700,"""Elderfeast"" trailer",general,1,tavily,basic,2,https://www.youtube.com/watch?v=gcUzicYQXAw,ELDERFEAST - Official Reveal Trailer (New Cthulhu Survival Horror ...,ELDERFEAST Trailer (New Cthulhu Survival Horror Game 2026) Elderfeast is a co-op action game where the monsters are the menu.,unknown_date,web_result
4393700,"""Elderfeast"" gameplay",general,1,tavily,basic,3,https://bloody-disgusting.com/video-games/3957731/master-your-lovecraftian-cooking-skills-in-co-op-action-title-elderfeast-trailer,Master Your Lovecraftian Cooking Skills in Co-Op Action Title 'Elderfeast' [Trailer] - Bloody Disgusting,"# Master Your Lovecraftian Cooking Skills in Co-Op Action Title ‘Elderfeast’ [Trailer]. Sure, the idea of Lovecraft in video games may be tired for some, but Lurker Entertainment has decided to mix things up with their newly-announced co-op action game, ***Elderfeast***. *Elderfeast* tasks you and your friends with hunting Lovecraftian horrors across the galaxy, slicing them up, and then cooking them. You’ve just been made a member of The Order of the Void Eaters, and your job is to track and carve up an array of Lovecraftian-inspired horrors across the galaxy, then discover what they taste like. You’ll have a variety of weapons to help you out in getting your ingredients, but that’s only part of it. Relive Early 2000s First-Person Shooters With The Gory ‘SPRAWL zero’ [Trailer]](https://bloody-disgusting.com/video-games/3957721/relive-early-2000s-first-person-shooters-with-the-gory-sprawl-zero-trailer/) [*. # Relive Early 2000s First-Person Shooters With The Gory ‘SPRAWL zero’ [Trailer]. Inspired by 2000s console FPS games such as ***Halo***, the *SPRAWL zero* demo contains the frenetic action, gameplay and music you enjoyed from the early days, with plenty of gore thrown in for good measure.",unknown_date,web_result
4393700,"""Elderfeast"" gameplay",general,1,tavily,basic,3,https://store.steampowered.com/app/4393700/Elderfeast,Elderfeast on Steam,"Get the Steam Mobile App. All trademarks are property of their respective owners in the US and other countries. Link to the Steam Homepage. Elderfeast is a co-op action game where the monsters are the menu. Hunt Lovecraftian horrors across the galaxy and slice them apart for ingredients to make your next meal. Sign in to add this item to your wishlist, follow it, or mark it as ignored. Steam is learning about this game. This game is not yet available on Steam. The developers describe how their game uses AI Generated Content like this:. The developers describe the content like this:. You can write your own review for this product to share your experience with the community. You can use this widget-maker to generate a bit of HTML that can be embedded in your website to easily allow customers to purchase this game on Steam. ## Sign In. Sign in to add your own tags to this product.",unknown_date,web_result
4393700,"""Elderfeast"" gameplay",general,1,tavily,basic,3,https://www.youtube.com/watch?v=kc03oMPfPzk,Elderfeast - Official Announcement Trailer,"Elderfeast - Official Announcement Trailer
Indie Games Hub
132000 subscribers
379 likes
8509 views
26 Jun 2026
Hunt. Carve. Cook. Elderfeast is a co-op action game where the monsters are the menu. Hunt Lovecraftian horrors across the galaxy and slice them apart for ingredients to make your next meal. The better you cook, the stronger you become, but there's always something more terrifying to hunt next. 

Wishlist on Steam: https://store.steampowered.com/app/4393700/Elderfeast/

Developer: Lurker Entertainment
X: https://x.com/elderfeast
26 comments
",unknown_date,web_result
4393700,"""Elderfeast"" gameplay",general,1,tavily,basic,3,https://gamingtrend.com/news/make-meals-of-the-horrors-with-your-friends-in-elderfeast,Make meals of the horrors with your friends in Elderfeast,"# Make meals of the horrors with your friends in Elderfeast. Now in Early Access on Steam. Today, Lurker Entertainment announced Elderfeast, a co-op action game where monsters on on the menu. Lurker Entertainment is made up of various AAA veterans, with Elderfeast helmed by Creative Director Ben Wanat, known for his work on the original Dead Space trilogy. > Hunt Lovecraftian-inspired horrors across the galaxy, carving them apart for ingredients to inspire your next meal. The better you cook, the stronger you become, but there's always something more terrifying to hunt next. > **Cook to Grow Stronger** — Master the cooking system’s otherworldly ingredients to craft dishes that enhance your abilities, turning every successful recipe into a step toward becoming a more formidable Chef. Along with this announcement, Elderfeast is entering Early Access on Steam. For more on Elderfeast, stay tuned to GamingTrend. David is the kind of person to wear his heart on his sleeve.",unknown_date,web_result
4393700,"""Elderfeast"" gameplay",general,1,tavily,basic,3,https://www.reddit.com/r/DeadSpace/comments/1qyjus4/elderfeast_upcoming_game_from_necromorph_designer,"""Elderfeast"", upcoming game from Necromorph designer Ben Wanat","Pull up a chair to the Elderfeast, our upcoming cooker-shooter where you dismember monsters and prepare their parts to serve up delicious meals!",unknown_date,reddit_discussion
4393700,"""Elderfeast"" demo",general,1,tavily,basic,4,https://bloody-disgusting.com/video-games/3957731/master-your-lovecraftian-cooking-skills-in-co-op-action-title-elderfeast-trailer,Master Your Lovecraftian Cooking Skills in Co-Op Action Title ...,"# Master Your Lovecraftian Cooking Skills in Co-Op Action Title ‘Elderfeast’ [Trailer]. Sure, the idea of Lovecraft in video games may be tired for some, but Lurker Entertainment has decided to mix things up with their newly-announced co-op action game, ***Elderfeast***. *Elderfeast* tasks you and your friends with hunting Lovecraftian horrors across the galaxy, slicing them up, and then cooking them. You’ve just been made a member of The Order of the Void Eaters, and your job is to track and carve up an array of Lovecraftian-inspired horrors across the galaxy, then discover what they taste like. You’ll have a variety of weapons to help you out in getting your ingredients, but that’s only part of it. Relive Early 2000s First-Person Shooters With The Gory ‘SPRAWL zero’ [Trailer]](https://bloody-disgusting.com/video-games/3957721/relive-early-2000s-first-person-shooters-with-the-gory-sprawl-zero-trailer/) [*. # Relive Early 2000s First-Person Shooters With The Gory ‘SPRAWL zero’ [Trailer]. Inspired by 2000s console FPS games such as ***Halo***, the *SPRAWL zero* demo contains the frenetic action, gameplay and music you enjoyed from the early days, with plenty of gore thrown in for good measure.",unknown_date,web_result
4393700,"""Elderfeast"" demo",general,1,tavily,basic,4,https://kotaku.com/games/elderfeast,Elderfeast - Kotaku,"# Elderfeast. ## Game Details. ### Available on:. ### Genres. ### Developer. ### Release Date. December 30, 2027 (1 year from now). ### Publisher. ### Content Rating. ## Elderfeast Screenshots and Videos. All the Latest Game Footage and Images from Elderfeast. ## Discover games. ## Summary. Elderfeast is a co-op action game where the monsters are the menu. Hunt Lovecraftian horrors across the galaxy and slice them apart for ingredients to make your next meal. The better you cook, the stronger you become, but there’s always something more terrifying to hunt next. Games metadata is powered by IGDB.com.",unknown_date,web_result
4393700,"""Elderfeast"" demo",general,1,tavily,basic,4,https://steamcommunity.com/app/4393700/discussions,Elderfeast General Discussions :: Steam Community,Home   Discovery Queue   Wishlist   Points Shop   News   Charts. Home   Discussions   Workshop   Market   Broadcasts. Get the Steam Mobile App. All trademarks are property of their respective owners in the US and other countries. Privacy Policy  |  Legal  |  Accessibility  |  Steam Subscriber Agreement  |  Refunds  |  Cookies. Link to the Steam Homepage. Install Steam sign in  |  language. All Discussions Screenshots Artwork Broadcasts Videos News Guides Reviews. You need to sign in or create an account to do that. Showing 1-8 of 8 active topics. pls make sure there's no AI in the rest of the game's development. Too early of an announcement. little bits of lots of things i love. As a foodie this game is all my dreams come true! Any plans for a demo or beta.,unknown_date,web_result
4393700,"""Elderfeast"" demo",general,1,tavily,basic,4,https://www.youtube.com/watch?v=ZgIIAgdD1Nk,Elderfeast - Reveal Trailer | A Lovecraftian game where you hunt ...,"Elderfeast - Reveal Trailer | A Lovecraftian game where you hunt monsters for cooking ingredients!
Legion Of Gamez
347 subscribers
3 likes
11 views
28 Jun 2026
Elderfeast is an upcoming cooperative action-RPG video game developed and published by Lurker Entertainment. Helmed by Creative Director Ben Wanat—a AAA veteran widely recognized for his design work on the original Dead Space trilogy—the game is currently planned for a full release in 2027.

Elderfeast - Reveal Trailer | A Lovecraftian game where you hunt monsters for cooking ingredients! #legionofgamez #gaming 


Lootbar- Purchase in-game items at great discounts: https://www.lootbar.com/a/0pvu02


Follow me on Instagram: https://www.instagram.com/legionofgamez/

",unknown_date,web_result
4393700,"""Elderfeast"" demo",general,1,tavily,basic,4,https://www.youtube.com/watch?v=y8Jap7r52i0,Elderfeast - Reveal Trailer,"Elderfeast - Reveal Trailer
Lurker Entertainment
435 subscribers
5024 likes
92254 views
24 Jun 2026
👇Wishlist on Steam 👇
https://store.steampowered.com/app/4393700/Elderfeast?utm_source=youtube&utm_content=revealtrailer

Elderfeast is a cooperative action game from Lurker Entertainment where the monsters are the menu. Hunt Lovecraftian-inspired horrors across the galaxy, carving them apart for ingredients to inspire your next meal. The better you cook, the stronger you become, but there's always something more terrifying to hunt next.

🧑‍🍳 Become a Void Chef:
Instagram: https://www.instagram.com/elderfeast/
X/Twitter: https://twitter.com/elderfeast
Discord: https://discord.gg/4dxJdMUtNc
Reddit: https://www.reddit.com/r/elderfeast/

🍛 Subscribe to the channel for more updates:
https://www.youtube.com/@LurkerEntertainmentOfficial?sub_confirmation=1

Visit our website for more info:
https://lurkerentertainment.com/
340 comments
",unknown_date,web_result
4393700,"""Elderfeast"" release date",general,1,tavily,basic,5,https://www.instagram.com/reel/DaIh3PWCz7P,Elderfeast is an upcoming cooperative action RPG developed and ...,"May be a video game screenshot of text that says 'A LOVECRAFTIAN GAME WHERE YOU μΟχ MONSTERS FOR COOKING INGREDIENTS! Helmed by Creative Director Ben Wanat—known for his design work on the original Dead Space trilogy—the game is officially scheduled for a full release in 2027 and has recently launched its official page for wishlisting on Steam. May be a graphic of text that says 'THIS IS AN UPCOMING WUXIA ACTION RPG DEVELOPED BY CHINESE INDIE DEVELOPER. May be an image of poster and text that says 'AN UPCOMING SCI-FI SURVIVAL HORROR VR GAME'. May be a meme of silo, cloud and text that says 'NEVER LOOK ACK THIS IS AN ANOMALY-TYPE HORROR LIKE THE EXIT 8 AND I'M OBSERVATION DUTY. May be a cartoon of poster and text that says 'STATE OF DECAY 3 A ZOMBIE SURVIVAL HORROR GAME SCHEDULED TO AUNCH IN 2027.'. May be a video game screenshot of costume, poster and text that says 'WOLONG2 LONG WINGS OF EMBER DARK FANTASY ACTION-RPG'.",unknown_date,web_result
4393700,"""Elderfeast"" release date",general,1,tavily,basic,5,https://www.tiktok.com/@gwrldmediagames/video/7655334382562987278,"ELDERFEAST"" IS A CO-OP ACTION GAME WHERE YOU ... - TikTok","Released on August 12. #gamestoplay #whattoplay #gamingontiktok #steamgames. Keywords: Abyssus game release date, co-op FPS roguelite",unknown_date,web_result
4393700,"""Elderfeast"" release date",general,1,tavily,basic,5,https://www.youtube.com/watch?v=pPTOyjmZ-oA,Monster Fantasy Looks WAY Too Familiar?! + Elderfeast is COOKING! | Gaming News,"Monster Fantasy Looks WAY Too Familiar?! + Elderfeast is COOKING! | Gaming News
Co-op Pixels
1910 subscribers
24 likes
585 views
27 Jun 2026
This Week: Elderfeast Monster Hunting Cooking Co-op, Monster Fantasy Open World Monster RPG, Outward 2 Delayed, and the biggest co-op & multiplayer updates!

In our weekly Co-op & Multiplayer Gaming News series, we cover games designed to be played together!
Everything from upcoming co-op games and online/couch co-op to multiplayer titles and MMOs.
We highlight new releases, roadmap reveals, updates, and projects worth watching.

Subscribe for the latest news in co-op and multiplayer gaming, including exclusive demos and hidden gems!

Check out our Website & Socials
https://cooppixels.com
https://x.com/cooppixels

Enjoying our content? Treat us to a Ko-fi ☕
https://ko-fi.com/cooppixels

————————— Headliner —————————
*Elderfeast* — Monster hunting + cooking co-op action RPG where you hunt cosmic horrors and turn them into powerful meals.
*Monster Fantasy* — Open-world monster hunting RPG with creature collecting, life sim, base building & 4-player co-op.
*Outward 2* — Release delayed after beta feedback.
*MonCraft 199X* — Creature-collecting survival crafting with 8-player co-op.
*Diablo IV Season 14* — Death Awakening, Mythic overhaul & party QoL.
*Planet Crafter* — PS5 & Xbox launch with Game Pass.

————————— Newsflash —————————
*ARC Raiders* — Forgotten Relics event
*Enshrouded* — 1.0 release date announced
*RuneScape: Dragonwilds* — Umbral Sands update
*Fellowship* — Season 3
*Farever* — Nightling Invasion
*John Carpenter's Toxic Commando* — Urban Blight update
*Jump Space* — Weapons Update

—————— Timestamps ——————
00:00 Gaming News Ep. 83
00:10 Elderfeast
01:37 Monster Fantasy
04:09 MonCraft 199X
05:54 Outward 2
08:03 Diablo IV Season 14
08:44 ARC Raiders
09:24 Enshrouded
09:53 RuneScape: Dragonwilds
10:27 Fellowship
11:01 Farever
11:34 John Carpenter's Toxic Commando
12:13 Jump Space
12:38 Planet Crafter

————————————————————————
#gamingnews #coopgames #multiplayergames
5 comments
",unknown_date,web_result
4393700,"""Elderfeast"" release date",general,1,tavily,basic,5,https://www.youtube.com/watch?v=kc03oMPfPzk,Elderfeast - Official Announcement Trailer - YouTube,"Elderfeast - Official Announcement Trailer
Indie Games Hub
132000 subscribers
379 likes
8509 views
26 Jun 2026
Hunt. Carve. Cook. Elderfeast is a co-op action game where the monsters are the menu. Hunt Lovecraftian horrors across the galaxy and slice them apart for ingredients to make your next meal. The better you cook, the stronger you become, but there's always something more terrifying to hunt next. 

Wishlist on Steam: https://store.steampowered.com/app/4393700/Elderfeast/

Developer: Lurker Entertainment
X: https://x.com/elderfeast
26 comments
",unknown_date,web_result
4393700,"""Elderfeast"" release date",general,1,tavily,basic,5,https://www.instagram.com/p/DURG7TRieiu,Instagram,"Sign up for Instagram to stay in the loop. By continuing, you agree to Instagram's Terms of Use and Privacy Policy. Photo by Elderfeast on February 02, 2026. Follow us to stay updated on Elderfeast, our upcoming cooker-shooter where you dismember monsters and prepare their parts to serve up delicious meals! Can’t wait to see what’s coming next!! Video by Elderfeast on June 24, 2026. May be a video game screenshot of text. Photo by Elderfeast on June 26, 2026. May be a video game screenshot of frog and text that says '10K WISHLISTS LOVES - OVE THANK YOU!'. May be a video game screenshot of poster and text that says 'ELDERFEAST WISHLIST ΟΝ STEAM JUNE 24'. Video by Elderfeast on May 21, 2026. May be a meme of insect and text that says 'When I see a Taco Bell at 1am'. Video by Elderfeast on April 28, 2026. May be a video game screenshot of the Arno River and text. May be a video game screenshot.",unknown_date,web_result
4393700,"""Elderfeast"" announcement",general,1,tavily,basic,6,https://gamingtrend.com/news/make-meals-of-the-horrors-with-your-friends-in-elderfeast,Make meals of the horrors with your friends in Elderfeast,"# Make meals of the horrors with your friends in Elderfeast. Now in Early Access on Steam. Today, Lurker Entertainment announced Elderfeast, a co-op action game where monsters on on the menu. Lurker Entertainment is made up of various AAA veterans, with Elderfeast helmed by Creative Director Ben Wanat, known for his work on the original Dead Space trilogy. > Hunt Lovecraftian-inspired horrors across the galaxy, carving them apart for ingredients to inspire your next meal. The better you cook, the stronger you become, but there's always something more terrifying to hunt next. > **Cook to Grow Stronger** — Master the cooking system’s otherworldly ingredients to craft dishes that enhance your abilities, turning every successful recipe into a step toward becoming a more formidable Chef. Along with this announcement, Elderfeast is entering Early Access on Steam. For more on Elderfeast, stay tuned to GamingTrend. David is the kind of person to wear his heart on his sleeve.",unknown_date,web_result
4393700,"""Elderfeast"" announcement",general,1,tavily,basic,6,https://www.youtube.com/watch?v=kc03oMPfPzk,Elderfeast - Official Announcement Trailer - YouTube,"Elderfeast - Official Announcement Trailer
Indie Games Hub
132000 subscribers
379 likes
8509 views
26 Jun 2026
Hunt. Carve. Cook. Elderfeast is a co-op action game where the monsters are the menu. Hunt Lovecraftian horrors across the galaxy and slice them apart for ingredients to make your next meal. The better you cook, the stronger you become, but there's always something more terrifying to hunt next. 

Wishlist on Steam: https://store.steampowered.com/app/4393700/Elderfeast/

Developer: Lurker Entertainment
X: https://x.com/elderfeast
26 comments
",unknown_date,web_result
4393700,"""Elderfeast"" announcement",general,1,tavily,basic,6,https://www.youtube.com/watch?v=ZgIIAgdD1Nk,Elderfeast - Reveal Trailer | A Lovecraftian game where you hunt ...,"Elderfeast - Reveal Trailer | A Lovecraftian game where you hunt monsters for cooking ingredients!
Legion Of Gamez
347 subscribers
3 likes
11 views
28 Jun 2026
Elderfeast is an upcoming cooperative action-RPG video game developed and published by Lurker Entertainment. Helmed by Creative Director Ben Wanat—a AAA veteran widely recognized for his design work on the original Dead Space trilogy—the game is currently planned for a full release in 2027.

Elderfeast - Reveal Trailer | A Lovecraftian game where you hunt monsters for cooking ingredients! #legionofgamez #gaming 


Lootbar- Purchase in-game items at great discounts: https://www.lootbar.com/a/0pvu02


Follow me on Instagram: https://www.instagram.com/legionofgamez/

",unknown_date,web_result
4393700,"""Elderfeast"" announcement",general,1,tavily,basic,6,https://x.com/gameralphabeta/status/2070181809023832228,"Alpha Beta Gamer on X: ""In this indie game you hunt Lovecraftian monsters, chop them up and cook them into delicious(ish) meals! Elderfeast is coming to Steam: https://t.co/mkSfyZSHy4 by indie dev @elderfeast https://t.co/cloThlTEwc"" / X","## Post. In this indie game you hunt Lovecraftian monsters, chop them up and cook them into delicious(ish) meals! Elderfeast is coming to Steam: store.steampowered.com/app/4393700/El… by indie dev @elderfeast. 4:26 PM · Jun 25, 202691.3KViews. Don't miss what's happening. People on X are the first to know.",unknown_date,web_result
4393700,"""Elderfeast"" announcement",general,1,tavily,basic,6,https://www.youtube.com/watch?v=gcUzicYQXAw,ELDERFEAST - Official Reveal Trailer (New Cthulhu Survival Horror ...,ELDERFEAST Trailer (New Cthulhu Survival Horror Game 2026) Elderfeast is a co-op action game where the monsters are the menu.,unknown_date,web_result
4393700,"""Elderfeast"" preview",general,1,tavily,basic,7,https://www.youtube.com/watch?v=kc03oMPfPzk,Elderfeast - Official Announcement Trailer - YouTube,"Elderfeast - Official Announcement Trailer
Indie Games Hub
132000 subscribers
379 likes
8509 views
26 Jun 2026
Hunt. Carve. Cook. Elderfeast is a co-op action game where the monsters are the menu. Hunt Lovecraftian horrors across the galaxy and slice them apart for ingredients to make your next meal. The better you cook, the stronger you become, but there's always something more terrifying to hunt next. 

Wishlist on Steam: https://store.steampowered.com/app/4393700/Elderfeast/

Developer: Lurker Entertainment
X: https://x.com/elderfeast
26 comments
",unknown_date,web_result
4393700,"""Elderfeast"" preview",general,1,tavily,basic,7,https://bloody-disgusting.com/video-games/3957731/master-your-lovecraftian-cooking-skills-in-co-op-action-title-elderfeast-trailer,Master Your Lovecraftian Cooking Skills in Co-Op Action Title ...,"# Master Your Lovecraftian Cooking Skills in Co-Op Action Title ‘Elderfeast’ [Trailer]. Sure, the idea of Lovecraft in video games may be tired for some, but Lurker Entertainment has decided to mix things up with their newly-announced co-op action game, ***Elderfeast***. *Elderfeast* tasks you and your friends with hunting Lovecraftian horrors across the galaxy, slicing them up, and then cooking them. You’ve just been made a member of The Order of the Void Eaters, and your job is to track and carve up an array of Lovecraftian-inspired horrors across the galaxy, then discover what they taste like. You’ll have a variety of weapons to help you out in getting your ingredients, but that’s only part of it. Relive Early 2000s First-Person Shooters With The Gory ‘SPRAWL zero’ [Trailer]](https://bloody-disgusting.com/video-games/3957721/relive-early-2000s-first-person-shooters-with-the-gory-sprawl-zero-trailer/) [*. # Relive Early 2000s First-Person Shooters With The Gory ‘SPRAWL zero’ [Trailer]. Inspired by 2000s console FPS games such as ***Halo***, the *SPRAWL zero* demo contains the frenetic action, gameplay and music you enjoyed from the early days, with plenty of gore thrown in for good measure.",unknown_date,web_result
4393700,"""Elderfeast"" preview",general,1,tavily,basic,7,https://gamingtrend.com/news/make-meals-of-the-horrors-with-your-friends-in-elderfeast,Make meals of the horrors with your friends in Elderfeast,"# Make meals of the horrors with your friends in Elderfeast. Now in Early Access on Steam. Today, Lurker Entertainment announced Elderfeast, a co-op action game where monsters on on the menu. Lurker Entertainment is made up of various AAA veterans, with Elderfeast helmed by Creative Director Ben Wanat, known for his work on the original Dead Space trilogy. > Hunt Lovecraftian-inspired horrors across the galaxy, carving them apart for ingredients to inspire your next meal. The better you cook, the stronger you become, but there's always something more terrifying to hunt next. > **Cook to Grow Stronger** — Master the cooking system’s otherworldly ingredients to craft dishes that enhance your abilities, turning every successful recipe into a step toward becoming a more formidable Chef. Along with this announcement, Elderfeast is entering Early Access on Steam. For more on Elderfeast, stay tuned to GamingTrend. David is the kind of person to wear his heart on his sleeve.",unknown_date,web_result
4393700,"""Elderfeast"" preview",general,1,tavily,basic,7,https://www.youtube.com/watch?v=gcUzicYQXAw,ELDERFEAST - Official Reveal Trailer (New Cthulhu Survival Horror ...,ELDERFEAST Trailer (New Cthulhu Survival Horror Game 2026) Elderfeast is a co-op action game where the monsters are the menu.,unknown_date,web_result
4393700,"""Elderfeast"" preview",general,1,tavily,basic,7,https://theawesomer.com/elderfeast-trailer/808157,Elderfeast (Reveal Trailer) - The Awesomer,"#### When you buy through links on our site, we may earn an affiliate commission. As an Amazon Associate I earn from qualifying purchases. The Awesomer: Awesome Stuff for Awesome People. # Elderfeast (Reveal Trailer). *(Gore)* The co-op survival horror game, *Elderfeast,* adds a new twist to the genre. After as you hack and slash your way through its Lovecraftian creatures, you serve their chopped-up bits for dinner. One commenter described it as “*Cooking Mama* mixed with *Dead Space* and *Dark Souls.*” Add it to your Steam wishlist so you can play it when it drops in 2027. ## More Awesome Stuff. Good Luck, Have Fun, Don’t Die (Trailer). Woodturning a Twisted Geometric Bowl. 3D Printing a Mechanical Calculator. Home | About | Suggest | Contact | Team | Links | Privacy | Disclosure. Advertise | Facebook | Pinterest | YouTube | Sites We Like | Awesomer Merch. Awesome Stuff: The Awesomer | Cool Cars: 95Octane. Site Design & Content © 2008-2026 Awesomer Media / The Awesomer™.",unknown_date,web_result
4393700,"""Elderfeast"" review",general,1,tavily,basic,8,https://kotaku.com/games/elderfeast,Elderfeast - Kotaku,"# Elderfeast. ## Game Details. ### Available on:. ### Genres. ### Developer. ### Release Date. December 30, 2027 (1 year from now). ### Publisher. ### Content Rating. ## Elderfeast Screenshots and Videos. All the Latest Game Footage and Images from Elderfeast. ## Discover games. ## Summary. Elderfeast is a co-op action game where the monsters are the menu. Hunt Lovecraftian horrors across the galaxy and slice them apart for ingredients to make your next meal. The better you cook, the stronger you become, but there’s always something more terrifying to hunt next. Games metadata is powered by IGDB.com.",unknown_date,web_result
4393700,"""Elderfeast"" review",general,1,tavily,basic,8,https://store.steampowered.com/app/4393700/Elderfeast,Elderfeast on Steam,"Get the Steam Mobile App. All trademarks are property of their respective owners in the US and other countries. Link to the Steam Homepage. Elderfeast is a co-op action game where the monsters are the menu. Hunt Lovecraftian horrors across the galaxy and slice them apart for ingredients to make your next meal. Sign in to add this item to your wishlist, follow it, or mark it as ignored. Steam is learning about this game. This game is not yet available on Steam. The developers describe how their game uses AI Generated Content like this:. The developers describe the content like this:. You can write your own review for this product to share your experience with the community. You can use this widget-maker to generate a bit of HTML that can be embedded in your website to easily allow customers to purchase this game on Steam. ## Sign In. Sign in to add your own tags to this product.",unknown_date,web_result
4393700,"""Elderfeast"" review",general,1,tavily,basic,8,https://bloody-disgusting.com/video-games/3957731/master-your-lovecraftian-cooking-skills-in-co-op-action-title-elderfeast-trailer,Master Your Lovecraftian Cooking Skills in Co-Op Action Title ...,"# Master Your Lovecraftian Cooking Skills in Co-Op Action Title ‘Elderfeast’ [Trailer]. Sure, the idea of Lovecraft in video games may be tired for some, but Lurker Entertainment has decided to mix things up with their newly-announced co-op action game, ***Elderfeast***. *Elderfeast* tasks you and your friends with hunting Lovecraftian horrors across the galaxy, slicing them up, and then cooking them. You’ve just been made a member of The Order of the Void Eaters, and your job is to track and carve up an array of Lovecraftian-inspired horrors across the galaxy, then discover what they taste like. You’ll have a variety of weapons to help you out in getting your ingredients, but that’s only part of it. Relive Early 2000s First-Person Shooters With The Gory ‘SPRAWL zero’ [Trailer]](https://bloody-disgusting.com/video-games/3957721/relive-early-2000s-first-person-shooters-with-the-gory-sprawl-zero-trailer/) [*. # Relive Early 2000s First-Person Shooters With The Gory ‘SPRAWL zero’ [Trailer]. Inspired by 2000s console FPS games such as ***Halo***, the *SPRAWL zero* demo contains the frenetic action, gameplay and music you enjoyed from the early days, with plenty of gore thrown in for good measure.",unknown_date,web_result
4393700,"""Elderfeast"" review",general,1,tavily,basic,8,https://www.youtube.com/watch?v=ZgIIAgdD1Nk,Elderfeast - Reveal Trailer | A Lovecraftian game where you hunt ...,"Elderfeast - Reveal Trailer | A Lovecraftian game where you hunt monsters for cooking ingredients!
Legion Of Gamez
347 subscribers
3 likes
11 views
28 Jun 2026
Elderfeast is an upcoming cooperative action-RPG video game developed and published by Lurker Entertainment. Helmed by Creative Director Ben Wanat—a AAA veteran widely recognized for his design work on the original Dead Space trilogy—the game is currently planned for a full release in 2027.

Elderfeast - Reveal Trailer | A Lovecraftian game where you hunt monsters for cooking ingredients! #legionofgamez #gaming 


Lootbar- Purchase in-game items at great discounts: https://www.lootbar.com/a/0pvu02


Follow me on Instagram: https://www.instagram.com/legionofgamez/

",unknown_date,web_result
4393700,"""Elderfeast"" review",general,1,tavily,basic,8,https://gamingtrend.com/news/make-meals-of-the-horrors-with-your-friends-in-elderfeast,Make meals of the horrors with your friends in Elderfeast,"# Make meals of the horrors with your friends in Elderfeast. Now in Early Access on Steam. Today, Lurker Entertainment announced Elderfeast, a co-op action game where monsters on on the menu. Lurker Entertainment is made up of various AAA veterans, with Elderfeast helmed by Creative Director Ben Wanat, known for his work on the original Dead Space trilogy. > Hunt Lovecraftian-inspired horrors across the galaxy, carving them apart for ingredients to inspire your next meal. The better you cook, the stronger you become, but there's always something more terrifying to hunt next. > **Cook to Grow Stronger** — Master the cooking system’s otherworldly ingredients to craft dishes that enhance your abilities, turning every successful recipe into a step toward becoming a more formidable Chef. Along with this announcement, Elderfeast is entering Early Access on Steam. For more on Elderfeast, stay tuned to GamingTrend. David is the kind of person to wear his heart on his sleeve.",unknown_date,web_result
4393700,"""Elderfeast"" publisher",general,1,tavily,basic,9,https://www.youtube.com/watch?v=ZgIIAgdD1Nk,Elderfeast - Reveal Trailer | A Lovecraftian game where you hunt ...,"Elderfeast - Reveal Trailer | A Lovecraftian game where you hunt monsters for cooking ingredients!
Legion Of Gamez
347 subscribers
3 likes
11 views
28 Jun 2026
Elderfeast is an upcoming cooperative action-RPG video game developed and published by Lurker Entertainment. Helmed by Creative Director Ben Wanat—a AAA veteran widely recognized for his design work on the original Dead Space trilogy—the game is currently planned for a full release in 2027.

Elderfeast - Reveal Trailer | A Lovecraftian game where you hunt monsters for cooking ingredients! #legionofgamez #gaming 


Lootbar- Purchase in-game items at great discounts: https://www.lootbar.com/a/0pvu02


Follow me on Instagram: https://www.instagram.com/legionofgamez/

",unknown_date,web_result
4393700,"""Elderfeast"" publisher",general,1,tavily,basic,9,https://gamefaqs.gamespot.com/pc/671851-elderfeast/data,Elderfeast Release Information for PC - GameFAQs - GameSpot,Platform: PC ; Genre: Role-Playing » Action RPG ; Developer/Publisher: Lurker Entertainment ; Release: TBA.,unknown_date,web_result
4393700,"""Elderfeast"" publisher",general,1,tavily,basic,9,https://gamingtrend.com/news/make-meals-of-the-horrors-with-your-friends-in-elderfeast,Make meals of the horrors with your friends in Elderfeast,"# Make meals of the horrors with your friends in Elderfeast. Now in Early Access on Steam. Today, Lurker Entertainment announced Elderfeast, a co-op action game where monsters on on the menu. Lurker Entertainment is made up of various AAA veterans, with Elderfeast helmed by Creative Director Ben Wanat, known for his work on the original Dead Space trilogy. > Hunt Lovecraftian-inspired horrors across the galaxy, carving them apart for ingredients to inspire your next meal. The better you cook, the stronger you become, but there's always something more terrifying to hunt next. > **Cook to Grow Stronger** — Master the cooking system’s otherworldly ingredients to craft dishes that enhance your abilities, turning every successful recipe into a step toward becoming a more formidable Chef. Along with this announcement, Elderfeast is entering Early Access on Steam. For more on Elderfeast, stay tuned to GamingTrend. David is the kind of person to wear his heart on his sleeve.",unknown_date,web_result
4393700,"""Elderfeast"" publisher",general,1,tavily,basic,9,https://games-stats.com/steam/game/elderfeast,Elderfeast game revenue and stats on Steam,"The better you cook, the stronger you become, but there's always something more terrifying to hunt next. Platforms: Publishers: Developers: Release: 2027",unknown_date,web_result
4393700,"""Elderfeast"" publisher",general,1,tavily,basic,9,https://www.reddit.com/r/DeadSpace/comments/1qyjus4/elderfeast_upcoming_game_from_necromorph_designer,"""Elderfeast"", upcoming game from Necromorph designer Ben Wanat","As his first notable horror project since Dead Space 3, Ben has announced his new indie game company called Lurker Entertainment: ""I'm about 4",unknown_date,reddit_discussion
4393700,"""Elderfeast"" developer",general,1,tavily,basic,10,https://www.youtube.com/watch?v=kc03oMPfPzk,Elderfeast - Official Announcement Trailer - YouTube,"Elderfeast - Official Announcement Trailer
Indie Games Hub
132000 subscribers
379 likes
8509 views
26 Jun 2026
Hunt. Carve. Cook. Elderfeast is a co-op action game where the monsters are the menu. Hunt Lovecraftian horrors across the galaxy and slice them apart for ingredients to make your next meal. The better you cook, the stronger you become, but there's always something more terrifying to hunt next. 

Wishlist on Steam: https://store.steampowered.com/app/4393700/Elderfeast/

Developer: Lurker Entertainment
X: https://x.com/elderfeast
26 comments
",unknown_date,web_result
4393700,"""Elderfeast"" developer",general,1,tavily,basic,10,https://gamefaqs.gamespot.com/pc/671851-elderfeast/data,Elderfeast Release Information for PC - GameFAQs - GameSpot,Platform: PC · Genre: Role-Playing » Action RPG · Developer/Publisher: Lurker Entertainment · Release: TBA.,unknown_date,web_result
4393700,"""Elderfeast"" developer",general,1,tavily,basic,10,https://www.instagram.com/reel/DaIh3PWCz7P,Elderfeast is an upcoming cooperative action RPG developed and ...,"May be a video game screenshot of text that says 'A LOVECRAFTIAN GAME WHERE YOU μΟχ MONSTERS FOR COOKING INGREDIENTS! Helmed by Creative Director Ben Wanat—known for his design work on the original Dead Space trilogy—the game is officially scheduled for a full release in 2027 and has recently launched its official page for wishlisting on Steam. May be a graphic of text that says 'THIS IS AN UPCOMING WUXIA ACTION RPG DEVELOPED BY CHINESE INDIE DEVELOPER. May be an image of poster and text that says 'AN UPCOMING SCI-FI SURVIVAL HORROR VR GAME'. May be a meme of silo, cloud and text that says 'NEVER LOOK ACK THIS IS AN ANOMALY-TYPE HORROR LIKE THE EXIT 8 AND I'M OBSERVATION DUTY. May be a cartoon of poster and text that says 'STATE OF DECAY 3 A ZOMBIE SURVIVAL HORROR GAME SCHEDULED TO AUNCH IN 2027.'. May be a video game screenshot of costume, poster and text that says 'WOLONG2 LONG WINGS OF EMBER DARK FANTASY ACTION-RPG'.",unknown_date,web_result
4393700,"""Elderfeast"" developer",general,1,tavily,basic,10,https://gamingtrend.com/news/make-meals-of-the-horrors-with-your-friends-in-elderfeast,Make meals of the horrors with your friends in Elderfeast,"# Make meals of the horrors with your friends in Elderfeast. Now in Early Access on Steam. Today, Lurker Entertainment announced Elderfeast, a co-op action game where monsters on on the menu. Lurker Entertainment is made up of various AAA veterans, with Elderfeast helmed by Creative Director Ben Wanat, known for his work on the original Dead Space trilogy. > Hunt Lovecraftian-inspired horrors across the galaxy, carving them apart for ingredients to inspire your next meal. The better you cook, the stronger you become, but there's always something more terrifying to hunt next. > **Cook to Grow Stronger** — Master the cooking system’s otherworldly ingredients to craft dishes that enhance your abilities, turning every successful recipe into a step toward becoming a more formidable Chef. Along with this announcement, Elderfeast is entering Early Access on Steam. For more on Elderfeast, stay tuned to GamingTrend. David is the kind of person to wear his heart on his sleeve.",unknown_date,web_result
4393700,"""Elderfeast"" developer",general,1,tavily,basic,10,https://x.com/gameralphabeta/status/2070181809023832228,"In this indie game you hunt Lovecraftian monsters, chop them up ...","## Post. In this indie game you hunt Lovecraftian monsters, chop them up and cook them into delicious(ish) meals! Elderfeast is coming to Steam: store.steampowered.com/app/4393700/El… by indie dev @elderfeast. 4:26 PM · Jun 25, 202691.3KViews. Don't miss what's happening. People on X are the first to know.",unknown_date,web_result
4393700,"site:reddit.com ""Elderfeast""",social,3,tavily,basic,11,https://www.reddit.com/r/elderfeast,r/elderfeast - Reddit,"A place to talk about and get updates on Elderfeast, the upcoming cooker-shooter where you dismember monsters and use their parts to create",unknown_date,reddit_discussion
4393700,"site:reddit.com ""Elderfeast""",social,3,tavily,basic,11,https://www.reddit.com/user/Seanypdesign,u/Seanypdesign - Reddit,"Currently building Elderfeast, a co-op action game where you dismember eldritch monsters and cook their parts into delicious meals! About.",unknown_date,reddit_discussion
4393700,"site:reddit.com ""Elderfeast""",social,3,tavily,basic,11,https://www.reddit.com/r/TwoBestFriendsPlay/comments/1ui3dnf/elderfeast_a_coop_action_game_where_you_hunt?tl=sv,Ett co-op actionspel där du jagar Lovecraftianska avskyvärdheter ...,Elderfeast - Ett co-op actionspel där du jagar Lovecraftianska avskyvärdheter genom galaxen för att omvandla dem till matlagning ingredienser.,unknown_date,reddit_discussion
4393700,"site:reddit.com ""Elderfeast""",social,3,tavily,basic,11,https://www.reddit.com/r/TwoBestFriendsPlay/comments/1ui3dnf/elderfeast_a_coop_action_game_where_you_hunt?tl=es-es,Elderfeast - Un juego cooperativo de acción en el que cazas ...,Elderfeast - Un juego cooperativo de acción en el que cazas abominaciones lovecraftianas por toda la galaxia para convertirlas en ingredientes,unknown_date,reddit_discussion
4393700,"site:reddit.com ""Elderfeast""",social,3,tavily,basic,11,https://www.reddit.com/r/TwoBestFriendsPlay/comments/1ui3dnf/elderfeast_a_coop_action_game_where_you_hunt?tl=fil,Isang co-op na action game kung saan hinah hunt mo ang ... - Reddit,Elderfeast - Isang co-op na action game kung saan hinah hunt mo ang mga Lovecraftian na abomination sa buong galaxy para gawing mga sangkap,unknown_date,reddit_discussion
4393700,"site:tiktok.com ""Elderfeast""",social,4,tavily,basic,12,https://www.tiktok.com/discover/elder-feast,Elder Feast - TikTok,"This indie game is Elderfeast, a co-op actuon game where you hunt Lovecraftian monsters, chop them up and cook them into delicious(ish) meals!",unknown_date,social_post
4393700,"site:tiktok.com ""Elderfeast""",social,4,tavily,basic,12,https://www.tiktok.com/@alphabetagamer/video/7655377740962549014,"This indie game is Elderfeast, a co-op actuon game where you hunt ...","This indie game is Elderfeast, a co-op actuon game where you hunt Lovecraftian monsters, chop them up and cook them into delicious(ish) meals!",unknown_date,social_post
4393700,"site:tiktok.com ""Elderfeast""",social,4,tavily,basic,12,https://www.tiktok.com/@gwrldmediagames/video/7655334382562987278,"ELDERFEAST"" IS A CO-OP ACTION GAME WHERE YOU ... - TikTok","12.4K Likes, 130 Comments. TikTok video from GWM - Games Showcase (@gwrldmediagames): “ELDERFEAST"" IS A CO-OP ACTION GAME WHERE YOU HUNT",unknown_date,social_post
4393700,"site:tiktok.com ""Elderfeast""",social,4,tavily,basic,12,https://www.tiktok.com/@dewakatsu/video/7655964075465264392,Elderfeast adalah game action co-op yang menghadirkan konsep unik,"Game ini bisa dimainkan sendiri atau bersama teman dalam mode co-op, sehingga proses berburu dan memasak monster menjadi jauh lebih seru.",unknown_date,social_post
4393700,"site:tiktok.com ""Elderfeast""",social,4,tavily,basic,12,https://www.tiktok.com/discover/elderfeast-gameplay-explained,Elderfeast Gameplay Explained - TikTok,"This indie game is Elderfeast, a co-op actuon game where you hunt Lovecraftian monsters, chop them up and cook them into delicious(ish) meals!",unknown_date,social_post
4393700,"site:instagram.com ""Elderfeast""",social,4,tavily,basic,13,https://www.instagram.com/elderfeast,Elderfeast (@elderfeast) • Instagram photos and videos,A co-op action game. Dismember monsters and use their parts to cook delicious meals. Wishlist now! Elderfeast is now available to wishlist on Steam!,unknown_date,social_post
4393700,"site:instagram.com ""Elderfeast""",social,4,tavily,basic,13,https://www.instagram.com/p/DURG7TRieiu,"Elderfeast on Instagram: ""Dismember, dice, garnish, and serve ...","Sign up for Instagram to stay in the loop. By continuing, you agree to Instagram's Terms of Use and Privacy Policy. Photo by Elderfeast on February 02, 2026. Follow us to stay updated on Elderfeast, our upcoming cooker-shooter where you dismember monsters and prepare their parts to serve up delicious meals! Can’t wait to see what’s coming next!! Video by Elderfeast on June 24, 2026. May be a video game screenshot of text. Photo by Elderfeast on June 26, 2026. May be a video game screenshot of frog and text that says '10K WISHLISTS LOVES - OVE THANK YOU!'. May be a video game screenshot of poster and text that says 'ELDERFEAST WISHLIST ΟΝ STEAM JUNE 24'. Video by Elderfeast on May 21, 2026. May be a meme of insect and text that says 'When I see a Taco Bell at 1am'. Video by Elderfeast on April 28, 2026. May be a video game screenshot of the Arno River and text. May be a video game screenshot.",unknown_date,social_post
4393700,"site:instagram.com ""Elderfeast""",social,4,tavily,basic,13,https://www.instagram.com/reel/DaIh3PWCz7P,Elderfeast is an upcoming cooperative action RPG developed and ...,"May be a video game screenshot of text that says 'A LOVECRAFTIAN GAME WHERE YOU μΟχ MONSTERS FOR COOKING INGREDIENTS! Helmed by Creative Director Ben Wanat—known for his design work on the original Dead Space trilogy—the game is officially scheduled for a full release in 2027 and has recently launched its official page for wishlisting on Steam. May be a graphic of text that says 'THIS IS AN UPCOMING WUXIA ACTION RPG DEVELOPED BY CHINESE INDIE DEVELOPER. May be an image of poster and text that says 'AN UPCOMING SCI-FI SURVIVAL HORROR VR GAME'. May be a meme of silo, cloud and text that says 'NEVER LOOK ACK THIS IS AN ANOMALY-TYPE HORROR LIKE THE EXIT 8 AND I'M OBSERVATION DUTY. May be a cartoon of poster and text that says 'STATE OF DECAY 3 A ZOMBIE SURVIVAL HORROR GAME SCHEDULED TO AUNCH IN 2027.'. May be a video game screenshot of costume, poster and text that says 'WOLONG2 LONG WINGS OF EMBER DARK FANTASY ACTION-RPG'.",unknown_date,social_post
4393700,"site:instagram.com ""Elderfeast""",social,4,tavily,basic,13,https://www.instagram.com/p/DZaUgxXKerq?hl=bn,Instagram,"নিজেকে আপডেট রাখার জন্য Instagram-এ সাইন আপ করুন।. elderfeast এর প্রোফাইল ছবি. elderfeast-এর কোনো পোস্ট মিস করবেন না. চালিয়ে যাওয়ার মাধ্যমে, আপনি Instagram-এর ব্যবহারের শর্তাবলী ও প্রাইভেসি পলিসি-তে সম্মত হচ্ছেন।. সাইন আপ করুন. Video by Elderfeast on June 10, 2026. পোস্টার এবং যে টেক্সটে 'ELDERFEAST WISHLIST ΟΝ STEAM JUNE 24' লেখা আছে-এর একটি ভিডিও গেম স্ক্রীনশট হতে পারে. uh.belle এর প্রোফাইল ছবি. bambambam007 এর প্রোফাইল ছবি. couldbemykale এর প্রোফাইল ছবি. brydencary এর প্রোফাইল ছবি. nat.chv.z এর প্রোফাইল ছবি. katelyn.pennell এর প্রোফাইল ছবি. elderfeast এর থেকে আরও পোস্ট. টেক্সট-এর একটি ভিডিও গেম স্ক্রীনশট হতে পারে. Photo by Elderfeast on June 26, 2026. একটি ভিডিও গেম স্ক্রীনশট হতে পারে. Video by Elderfeast on May 21, 2026. টেক্সট-এর একটি ছবি হতে পারে. আর্নো রিভার এবং টেক্সট-এর একটি ভিডিও গেম স্ক্রীনশট হতে পারে. ব্যাঙ এবং যে টেক্সটে '10K WISHLISTS LOVES - OVE THANK YOU!' লেখা আছে-এর একটি ভিডিও গেম স্ক্রীনশট হতে পারে. পোস্টার-এর একটি কার্টুন হতে পারে. ব্যাঙ-এর একটি কার্টুন হতে পারে. আরও পোস্ট দেখুন.",unknown_date,social_post
4393700,"site:instagram.com ""Elderfeast""",social,4,tavily,basic,13,https://www.instagram.com/reel/DXrkKVCKLC6,"Elderfeast on Instagram: ""A chef takes a peak around a station that's ...","Grease your pans and sharpen your knives, the Steam page for Elderfeast is launching June 24th! Follow us here for more updates! View all 7",unknown_date,social_post
4393700,"site:x.com ""Elderfeast""",social,4,tavily,basic,14,https://x.com/Noobletscom,Nooblets (@Noobletscom) / Posts / X - Twitter,「クトゥルフ神話」ラヴクラフトに影響を受けたモンスター狩り&料理ゲーム『Elderfeast』Steamストアページが公開。2027年に発売予定,unknown_date,social_post
4393700,"site:x.com ""Elderfeast""",social,4,tavily,basic,14,https://x.com/hobbidwa/status/2070090186495545379,ストア：https://t.co/vbfuY9imzH 公式：Elderfeast @elderfeast,5 days ago ... ホビドワ@ゲームを積みし者 (@hobbidwa). 51 views. ストア：https://t.co/vbfuY9imzH 公式：Elderfeast @elderfeast.,unknown_date,social_post
4393700,"site:x.com ""Elderfeast""",social,4,tavily,basic,14,https://x.com/EightBitVic,Victorrr (@EightBitVic) / Posts / X - Twitter,"In this indie game you hunt Lovecraftian monsters, chop them up and cook them into delicious(ish) meals! Elderfeast is coming to Steam: store.steampowered.com/",unknown_date,social_post
4393700,"site:x.com ""Elderfeast""",social,4,tavily,basic,14,https://x.com/imgamehunter/status/2070176623752556655,"Game Hunter on X: ""This is a co-op Monster Hunting + Cooking Game called ""Elderfeast"" 🔹Track and carve an array of Lovecraftian-inspired horrors across the galaxy 🔹Dismember limbs, tentacles, and organs mid-combat 🔹Use weapons like a limb-chopping butcher knife or an organ-extracting harpoon https://t.co/M9asAr2npw"" / X","## Post. This is a co-op Monster Hunting + Cooking Game called ""Elderfeast"" 🔹Track and carve an array of Lovecraftian-inspired horrors across the galaxy 🔹Dismember limbs, tentacles, and organs mid-combat 🔹Use weapons like a limb-chopping butcher knife or an organ-extracting harpoon gun 🔹A unique immersive in-world cooking grid rewards clever placement and creative combinations 🔹Dishes can enhance your abilities, or your can feed monsters poisoned meals 🔹Single player or Online Co-Op 🎮Scheduled for Release in 2027. 4:05 PM · Jun 25, 202672.4KViews. Don't miss what's happening. People on X are the first to know.",unknown_date,social_post
4393700,"site:x.com ""Elderfeast""",social,4,tavily,basic,14,https://x.com/sane_kyle,SaneKyle (@sane_kyle) / Posts / X - Twitter,"In this indie game you hunt Lovecraftian monsters, chop them up and cook them into delicious(ish) meals! Elderfeast is coming to Steam: store.steampowered.com/",unknown_date,social_post
4393700,"site: ""Elderfeast""",social,4,tavily,basic,15,https://store.steampowered.com/app/4393700/Elderfeast,Elderfeast on Steam,"Get the Steam Mobile App. All trademarks are property of their respective owners in the US and other countries. Link to the Steam Homepage. Elderfeast is a co-op action game where the monsters are the menu. Hunt Lovecraftian horrors across the galaxy and slice them apart for ingredients to make your next meal. Sign in to add this item to your wishlist, follow it, or mark it as ignored. Steam is learning about this game. This game is not yet available on Steam. The developers describe how their game uses AI Generated Content like this:. The developers describe the content like this:. You can write your own review for this product to share your experience with the community. You can use this widget-maker to generate a bit of HTML that can be embedded in your website to easily allow customers to purchase this game on Steam. ## Sign In. Sign in to add your own tags to this product.",unknown_date,social_post
4393700,"site: ""Elderfeast""",social,4,tavily,basic,15,https://kotaku.com/games/elderfeast,Elderfeast - Kotaku,"# Elderfeast. ## Game Details. ### Available on:. ### Genres. ### Developer. ### Release Date. December 30, 2027 (1 year from now). ### Publisher. ### Content Rating. ## Elderfeast Screenshots and Videos. All the Latest Game Footage and Images from Elderfeast. ## Discover games. ## Summary. Elderfeast is a co-op action game where the monsters are the menu. Hunt Lovecraftian horrors across the galaxy and slice them apart for ingredients to make your next meal. The better you cook, the stronger you become, but there’s always something more terrifying to hunt next. Games metadata is powered by IGDB.com.",unknown_date,social_post
4393700,"site: ""Elderfeast""",social,4,tavily,basic,15,https://www.youtube.com/shorts/9S8DKeOUrRY,hunts monsters for cooking ingredients! #shorts #legionofgamez,Elderfeast is an upcoming cooperative action-RPG video game developed and published by Lurker Entertainment. Helmed by Creative Director Ben,unknown_date,social_post
4393700,"site: ""Elderfeast""",social,4,tavily,basic,15,https://theawesomer.com/elderfeast-trailer/808157,Elderfeast (Reveal Trailer) - The Awesomer,"#### When you buy through links on our site, we may earn an affiliate commission. As an Amazon Associate I earn from qualifying purchases. The Awesomer: Awesome Stuff for Awesome People. # Elderfeast (Reveal Trailer). *(Gore)* The co-op survival horror game, *Elderfeast,* adds a new twist to the genre. After as you hack and slash your way through its Lovecraftian creatures, you serve their chopped-up bits for dinner. One commenter described it as “*Cooking Mama* mixed with *Dead Space* and *Dark Souls.*” Add it to your Steam wishlist so you can play it when it drops in 2027. ## More Awesome Stuff. Good Luck, Have Fun, Don’t Die (Trailer). Woodturning a Twisted Geometric Bowl. 3D Printing a Mechanical Calculator. Home | About | Suggest | Contact | Team | Links | Privacy | Disclosure. Advertise | Facebook | Pinterest | YouTube | Sites We Like | Awesomer Merch. Awesome Stuff: The Awesomer | Cool Cars: 95Octane. Site Design & Content © 2008-2026 Awesomer Media / The Awesomer™.",unknown_date,social_post
4393700,"site: ""Elderfeast""",social,4,tavily,basic,15,https://www.youtube.com/watch?v=ZgIIAgdD1Nk,Elderfeast - Reveal Trailer | A Lovecraftian game where you hunt ...,"Elderfeast - Reveal Trailer | A Lovecraftian game where you hunt monsters for cooking ingredients!
Legion Of Gamez
347 subscribers
3 likes
11 views
28 Jun 2026
Elderfeast is an upcoming cooperative action-RPG video game developed and published by Lurker Entertainment. Helmed by Creative Director Ben Wanat—a AAA veteran widely recognized for his design work on the original Dead Space trilogy—the game is currently planned for a full release in 2027.

Elderfeast - Reveal Trailer | A Lovecraftian game where you hunt monsters for cooking ingredients! #legionofgamez #gaming 


Lootbar- Purchase in-game items at great discounts: https://www.lootbar.com/a/0pvu02


Follow me on Instagram: https://www.instagram.com/legionofgamez/

",unknown_date,social_post
